Unnamed: 0,0,1,2,3,4,5,6
15,2,4236,-1995,-4167,-34,-2409,-1682
16,2,5960,-1840,-4882,13,-2321,-1713
17,2,7089,-1602,-5263,52,-2260,-1714
18,2,8085,-1400,-5532,63,-2231,-1718
19,2,8810,-1433,-5281,-66,-2529,-1782
20,2,8021,-1609,-4519,-210,-2881,-1838
21,2,6480,-2125,-3638,-386,-3294,-1859
22,2,4491,-2445,-2734,-535,-3717,-1812
23,2,2525,-2651,-1617,-639,-4043,-1752
24,2,975,-2565,-891,-670,-4185,-1674
25,2,77,-2433,-768,-674,-4217,-1671
26,2,-508,-2086,-911,-664,-4236,-1684
27,2,-920,-1885,-1058,-669,-4255,-1705
28,2,-1197,-1778,-1223,-676,-4272,-1724
29,2,-1433,-1681,-1286,-681,-4300,-1738
30,2,-1585,-1610,-1300,-685,-4326,-1755
31,2,-1690,-1547,-1346,-688,-4347,-1772
32,2,-1796,-1517,-1286,-697,-4372,-1793
33,2,-2085,-1625,-537,-698,-4349,-1824
34,2,-2599,-1811,273,-642,-4100,-1889
35,2,-2553,-1737,502,-529,-3633,-1943
36,2,-1290,-1730,-163,-404,-3097,-1963
37,2,518,-1774,-1098,-304,-2619,-1986
38,2,2477,-1619,-2544,-202,-2224,-2006
39,2,4451,-1170,-3935,-115,-1970,-2001
40,2,5924,-858,-4797,-91,-1868,-2006
41,2,7026,-792,-5262,-95,-1817,-2037
42,2,7877,-787,-5494,-98,-1829,-2072
43,2,8333,-691,-5780,-138,-1999,-2146
44,2,7998,-595,-5283,-243,-2347,-2201
45,2,6269,-926,-4650,-435,-2881,-2258
46,2,3780,-1445,-3253,-654,-3526,-2235
47,2,1490,-1699,-1471,-770,-3879,-2171
48,2,135,-1710,-965,-777,-3952,-2120
49,2,-572,-1574,-1063,-764,-3975,-2129
50,2,-1035,-1296,-1421,-730,-3989,-2112
51,2,-1451,-1144,-1529,-735,-4019,-2131
52,2,-1713,-1093,-1601,-744,-4041,-2141
53,2,-1892,-1060,-1610,-743,-4067,-2145
54,2,-2014,-978,-1627,-745,-4088,-2157
55,2,-2115,-960,-1537,-753,-4098,-2168
56,2,-2369,-1021,-924,-757,-4065,-2196
57,2,-2858,-1213,-79,-724,-3865,-2236
58,2,-3073,-1294,403,-610,-3435,-2296
59,2,-2253,-1212,-2,-472,-2902,-2348
60,2,-401,-1089,-1511,-340,-2383,-2353
61,2,2000,-893,-2929,-265,-2026,-2403
62,2,4111,-731,-4134,-232,-1880,-2464
63,2,5595,-747,-4626,-228,-1829,-2487
64,2,6711,-796,-4820,-235,-1856,-2489
65,2,7194,-824,-4702,-277,-2027,-2495
66,2,6776,-1016,-4248,-376,-2383,-2509
67,2,5212,-1221,-3180,-505,-2865,-2515
68,2,3219,-1352,-1994,-624,-3308,-2506
69,2,1348,-1522,-954,-709,-3591,-2474
70,2,279,-1530,-509,-730,-3711,-2430
71,2,-938,-1094,-730,-725,-3763,-2428
72,2,-1303,-999,-953,-739,-3781,-2443
73,2,-1557,-923,-1082,-749,-3805,-2456
74,2,-1734,-838,-1152,-756,-3826,-2463
75,2,-1861,-779,-1180,-763,-3847,-2473
76,2,-1956,-733,-1165,-772,-3864,-2484
77,2,-2005,-721,-1057,-777,-3864,-2495
78,2,-2034,-744,-896,-775,-3827,-2519
79,2,-2157,-896,-268,-764,-3743,-2546
80,2,-2313,-1086,605,-714,-3497,-2597
81,2,-2329,-1235,975,-627,-3094,-2674
82,2,-1311,-1148,380,-492,-2592,-2700
83,2,274,-1016,-1141,-379,-2100,-2705
84,2,2447,-923,-3166,-279,-1701,-2715
85,2,4723,-726,-4714,-199,-1521,-2714
86,2,6143,-363,-5228,-163,-1509,-2733
87,2,7026,-190,-5487,-175,-1608,-2741
88,2,7193,-253,-5081,-241,-1859,-2792
89,2,6550,-474,-4360,-353,-2238,-2863
90,2,4851,-733,-3233,-509,-2731,-2919
91,2,2902,-1201,-1895,-679,-3201,-2931
92,2,1194,-1518,-745,-754,-3429,-2876
93,2,154,-1429,-403,-763,-3489,-2835
94,2,-458,-1236,-596,-769,-3523,-2841
95,2,-950,-1071,-796,-781,-3550,-2851
96,2,-1321,-996,-930,-789,-3572,-2860
97,2,-1539,-894,-992,-791,-3591,-2868
98,2,-1734,-823,-963,-796,-3613,-2873
99,2,-1877,-799,-841,-797,-3614,-2880
100,2,-2035,-836,-365,-787,-3559,-2886
101,2,-2270,-931,432,-745,-3373,-2899
102,2,-2192,-1015,1047,-675,-3029,-2933
103,2,-1636,-1004,756,-587,-2580,-2960
104,2,-446,-874,-296,-507,-2109,-2922
105,2,1542,-944,-1902,-443,-1683,-2942
106,2,3751,-860,-3570,-369,-1419,-2954
107,2,5352,-607,-4737,-317,-1350,-2963
108,2,6252,-164,-4869,-387,-1875,-3088
109,2,5004,-392,-3620,-548,-2395,-3186
110,2,3161,-1002,-2393,-746,-2902,-3249
111,2,1358,-1389,-1237,-859,-3235,-3200
112,2,112,-1411,-604,-882,-3353,-3142
113,2,-561,-1270,-593,-880,-3385,-3111
114,2,-1059,-1098,-683,-884,-3414,-3120
115,2,-1428,-957,-854,-888,-3430,-3132
116,2,-1661,-844,-966,-895,-3450,-3142
117,2,-1852,-761,-990,-902,-3468,-3149
118,2,-1953,-702,-1041,-911,-3490,-3155
119,2,-2043,-628,-1062,-920,-3513,-3161
120,2,-2119,-611,-1080,-933,-3538,-3171
121,2,-2159,-603,-1051,-943,-3564,-3179
122,2,-2187,-568,-978,-948,-3576,-3185
123,2,-2218,-589,-805,-953,-3570,-3193
124,2,-2347,-794,-199,-941,-3490,-3213
125,2,-2414,-851,564,-884,-3269,-3233
126,2,-2192,-901,830,-800,-2909,-3258
127,2,-1442,-934,693,-702,-2464,-3267
128,2,-34,-983,-139,-593,-1999,-3300
129,2,1831,-745,-1579,-483,-1565,-3337
130,2,3679,-319,-3829,-398,-1267,-3360
131,2,5447,-36,-5394,-364,-1202,-3381
132,2,6535,51,-5833,-379,-1331,-3406
133,2,6603,-71,-5531,-458,-1667,-3470
134,2,5420,-446,-4342,-607,-2182,-3561
135,2,3653,-793,-3103,-765,-2697,-3582
136,2,1976,-994,-1863,-904,-3083,-3552
137,2,456,-1133,-602,-980,-3286,-3514
138,2,-430,-1146,-352,-997,-3332,-3461
139,2,-1056,-952,-583,-1003,-3335,-3463
140,2,-1414,-749,-784,-1003,-3350,-3479
141,2,-1611,-612,-919,-1005,-3366,-3485
142,2,-1803,-529,-910,-1016,-3392,-3487
143,2,-1954,-486,-903,-1022,-3414,-3495
144,2,-2041,-440,-904,-1033,-3435,-3502
145,2,-2205,-497,-610,-1040,-3437,-3526
146,2,-2376,-666,44,-1016,-3336,-3549
147,2,-2593,-869,797,-936,-3052,-3568
148,2,-2240,-929,905,-815,-2632,-3578
149,2,-1208,-763,423,-679,-2169,-3566
150,2,407,-607,-948,-567,-1721,-3578
151,2,2414,-395,-2606,-468,-1388,-3597
152,2,4473,49,-4166,-381,-1206,-3623
153,2,5881,489,-4950,-351,-1211,-3636
154,2,6692,645,-5087,-399,-1388,-3647
155,2,6275,548,-4696,-528,-1787,-3684
156,2,4427,65,-3696,-733,-2374,-3770
157,2,2274,-638,-2203,-927,-2922,-3793
158,2,613,-976,-967,-995,-3163,-3751
159,2,-326,-803,-570,-985,-3203,-3699
160,2,-856,-713,-649,-991,-3219,-3692
161,2,-1298,-605,-750,-1002,-3237,-3696
162,2,-1632,-516,-857,-1013,-3258,-3700
163,2,-1848,-446,-852,-1021,-3283,-3706
164,2,-1979,-376,-839,-1030,-3301,-3709
165,2,-2078,-363,-828,-1042,-3318,-3714
166,2,-2120,-353,-854,-1050,-3329,-3718
167,2,-2135,-338,-811,-1058,-3344,-3723
168,2,-2175,-339,-546,-1061,-3345,-3728
169,2,-2284,-470,-8,-1049,-3267,-3732
170,2,-2358,-591,702,-996,-3040,-3736
171,2,-2145,-611,1008,-902,-2654,-3721
172,2,-1262,-690,637,-790,-2172,-3690
173,2,297,-554,-614,-674,-1685,-3678
174,2,2444,-22,-2546,-566,-1313,-3648
175,2,4280,439,-4061,-525,-1185,-3672
176,2,5612,616,-4774,-530,-1253,-3700
177,2,6116,584,-4790,-575,-1496,-3731
178,2,5474,521,-3850,-669,-1904,-3780
179,2,3869,146,-2904,-833,-2427,-3846
180,2,1936,-224,-1596,-978,-2911,-3830
181,2,-515,-338,-140,-1038,-3198,-3737
182,2,-1035,-176,-368,-1036,-3200,-3732
183,2,-1426,-26,-632,-1041,-3210,-3738
184,2,-1721,33,-764,-1051,-3234,-3744
185,2,-1915,64,-793,-1059,-3257,-3746
186,2,-2022,124,-845,-1066,-3279,-3744
187,2,-2109,119,-859,-1078,-3302,-3744
188,2,-2202,142,-851,-1088,-3324,-3749
189,2,-2258,121,-671,-1099,-3333,-3758
190,2,-2367,47,-238,-1093,-3276,-3769
191,2,-2553,-217,534,-1060,-3110,-3788
192,2,-2547,-384,957,-967,-2781,-3814
193,2,-1827,-361,519,-858,-2385,-3827
194,2,-553,-337,-84,-755,-1994,-3845
195,2,1222,-251,-1088,-650,-1622,-3875
196,2,3259,-106,-2457,-553,-1335,-3912
197,2,5038,148,-3831,-481,-1203,-3898
198,2,6165,425,-4458,-474,-1303,-3901
199,2,6003,588,-4271,-555,-1645,-3923
200,2,4634,459,-3347,-723,-2166,-3962
201,2,2630,-131,-2026,-933,-2683,-4008
202,2,952,-567,-862,-1051,-2985,-3975
203,2,45,-537,-355,-1064,-3088,-3905
204,2,-546,-226,-428,-1055,-3112,-3852
205,2,-947,-45,-745,-1062,-3143,-3809
206,2,-1052,252,-1138,-1062,-3181,-3735
207,2,-1225,524,-1498,-1048,-3235,-3628
208,2,-1410,837,-1922,-985,-3290,-3485
209,2,-1845,1245,-2430,-854,-3343,-3283
210,2,-2833,1657,-2789,-697,-3419,-3102
211,2,-3507,1843,-3050,-600,-3545,-2972
212,2,-3869,1880,-3390,-521,-3644,-2962
213,2,-4008,1684,-3864,-506,-3727,-2967
214,2,-4077,1580,-4318,-520,-3798,-2983
215,2,-4099,1469,-4731,-549,-3865,-3016
216,2,-4076,1358,-5070,-585,-3930,-3040
217,2,-4048,1318,-5330,-614,-3993,-3052
218,2,-3963,1319,-5607,-661,-4117,-3068
219,2,-3925,1293,-5689,-684,-4176,-3078
220,2,-3884,1312,-5755,-706,-4235,-3083
221,2,-3830,1322,-5793,-726,-4293,-3088
222,2,-3784,1329,-5815,-747,-4350,-3095
223,2,-3740,1319,-5844,-768,-4408,-3102
224,2,-3696,1324,-5839,-788,-4465,-3107
225,2,-3652,1334,-5828,-806,-4521,-3110
226,2,-3614,1331,-5822,-827,-4577,-3117
227,2,-3576,1334,-5818,-847,-4633,-3123
228,2,-3542,1339,-5808,-868,-4689,-3129
229,2,-3490,1333,-5792,-887,-4746,-3136
230,2,-3449,1338,-5779,-907,-4800,-3141
231,2,-3407,1341,-5761,-927,-4855,-3146
232,2,-3367,1334,-5744,-946,-4909,-3150
233,2,-3332,1339,-5720,-965,-4964,-3155
234,2,-3293,1336,-5697,-985,-5018,-3161
235,2,-3251,1330,-5676,-1005,-5072,-3166
236,2,-3209,1328,-5662,-1025,-5126,-3171
237,2,-3179,1328,-5633,-1044,-5179,-3177
238,2,-3141,1318,-5626,-1065,-5232,-3185
239,2,-3101,1314,-5592,-1084,-5286,-3190
240,3,5953,240,-3211,-1638,-3747,-3833
241,3,7562,146,-4185,-1593,-3656,-3851
242,3,8630,133,-4429,-1557,-3668,-3849
243,3,9072,150,-4335,-1586,-3831,-3904
244,3,8746,52,-3679,-1685,-4148,-3980
245,3,7534,-170,-2634,-1842,-4557,-4038
246,3,5821,-645,-1306,-2025,-4956,-4060
247,3,3999,-930,-237,-2133,-5237,-4012
248,3,2696,-900,257,-2165,-5379,-3943
249,3,1695,-848,494,-2185,-5439,-3910
250,3,983,-705,541,-2188,-5462,-3910
251,3,502,-477,337,-2184,-5460,-3905
252,3,175,-359,187,-2187,-5458,-3903
253,3,-94,-259,118,-2187,-5460,-3903
254,3,-255,-206,104,-2188,-5460,-3905
255,3,-361,-128,48,-2182,-5451,-3900
256,3,-404,-113,10,-2185,-5452,-3902
257,3,-477,-115,87,-2185,-5454,-3906
258,3,-659,-176,550,-2177,-5423,-3908
259,3,-867,-291,1266,-2137,-5270,-3922
260,3,-916,-394,1837,-2049,-4953,-3941
261,3,-407,-521,1691,-1937,-4528,-3982
262,3,690,-542,751,-1804,-4079,-3992
263,3,2466,-574,-683,-1670,-3666,-3991
264,3,4580,-523,-2077,-1561,-3361,-4002
265,3,6323,-302,-3266,-1483,-3188,-4018
266,3,7633,-162,-4050,-1445,-3138,-4037
267,3,8301,-36,-4556,-1444,-3246,-4054
268,3,8136,-76,-3873,-1519,-3559,-4111
269,3,7029,-63,-2582,-1643,-3999,-4134
270,3,5232,-411,-1380,-1816,-4435,-4158
271,3,3455,-766,-288,-1936,-4762,-4132
272,3,2049,-883,428,-1958,-4905,-4098
273,3,1165,-642,498,-1940,-4937,-4078
274,3,546,-385,361,-1937,-4949,-4078
275,3,142,-333,62,-1946,-4959,-4085
276,3,-155,-269,-91,-1953,-4973,-4086
277,3,-470,-213,-133,-1960,-4990,-4080
278,3,-689,-169,-164,-1963,-4998,-4077
279,3,-814,-129,-200,-1963,-5001,-4073
280,3,-973,-127,76,-1957,-4989,-4069
281,3,-1253,-317,778,-1922,-4865,-4070
282,3,-1360,-383,1195,-1820,-4552,-4046
283,3,-910,-354,1181,-1697,-4133,-4027
284,3,173,-288,571,-1563,-3637,-3991
285,3,1773,-135,-492,-1447,-3146,-3955
286,3,3889,53,-2548,-1356,-2768,-3968
287,3,5789,275,-4233,-1298,-2611,-4028
288,3,7174,499,-5124,-1265,-2628,-4061
289,3,8079,684,-4982,-1272,-2790,-4093
290,3,7934,774,-4404,-1369,-3128,-4171
291,3,6665,377,-3111,-1581,-3595,-4305
292,3,4940,-259,-1820,-1801,-4032,-4354
293,3,3274,-938,-716,-1948,-4304,-4345
294,3,1997,-1237,75,-1986,-4391,-4305
295,3,1221,-1209,301,-1979,-4393,-4291
296,3,725,-1080,230,-1976,-4398,-4308
297,3,373,-999,119,-1976,-4402,-4314
298,3,49,-955,128,-1980,-4412,-4315
299,3,-199,-955,196,-1981,-4420,-4320
300,3,-337,-870,170,-1977,-4424,-4325
301,3,-447,-833,176,-1982,-4436,-4331
302,3,-588,-884,321,-1983,-4436,-4337
303,3,-758,-984,739,-1956,-4375,-4340
304,3,-919,-1093,1502,-1890,-4184,-4349
305,3,-944,-1184,1971,-1783,-3837,-4344
306,3,-451,-1171,1546,-1645,-3384,-4329
307,3,869,-935,270,-1492,-2905,-4278
308,3,2715,-688,-1459,-1374,-2484,-4271
309,3,4717,-327,-3413,-1262,-2188,-4283
310,3,6390,151,-4600,-1191,-2096,-4300
311,3,7490,522,-5017,-1171,-2135,-4319
312,3,8007,667,-5017,-1213,-2309,-4352
313,3,7631,471,-4365,-1324,-2655,-4412
314,3,4423,-189,-1966,-1672,-3602,-4472
315,3,2425,-582,-538,-1794,-3910,-4433
316,3,1113,-741,237,-1807,-4006,-4399
317,3,507,-536,201,-1771,-3995,-4364
318,3,36,-331,84,-1761,-3985,-4358
319,3,-325,-269,29,-1769,-3993,-4365
320,3,-597,-211,0,-1778,-4004,-4368
321,3,-827,-221,6,-1785,-4016,-4369
322,3,-938,-196,-22,-1786,-4024,-4372
323,3,-1058,-180,44,-1785,-4027,-4374
324,3,-1123,-193,197,-1777,-4009,-4374
325,3,-1241,-354,730,-1761,-3936,-4395
326,3,-1361,-597,1414,-1695,-3726,-4426
327,3,-1186,-686,1772,-1587,-3386,-4438
328,3,-486,-711,1257,-1465,-2973,-4444
329,3,820,-653,327,-1340,-2548,-4445
330,3,2672,-529,-1026,-1232,-2195,-4508
331,3,6045,45,-4051,-1054,-1799,-4591
332,3,7070,225,-4737,-1029,-1837,-4576
333,3,7326,357,-4424,-1052,-2042,-4564
334,3,6736,374,-3640,-1144,-2398,-4588
335,3,5324,54,-2232,-1311,-2837,-4649
336,3,3548,-624,-921,-1468,-3193,-4656
337,3,2344,-874,9,-1526,-3395,-4609
338,3,1453,-830,496,-1524,-3469,-4578
339,3,667,-557,597,-1515,-3479,-4554
340,3,154,-452,479,-1522,-3478,-4547
341,3,-213,-391,352,-1529,-3483,-4548
342,3,-478,-367,320,-1528,-3494,-4544
343,3,-653,-246,348,-1525,-3504,-4536
344,3,-793,-180,346,-1526,-3509,-4529
345,3,-885,-160,316,-1530,-3517,-4528
346,3,-930,-138,336,-1531,-3523,-4524
347,3,-1087,-155,790,-1531,-3510,-4527
348,3,-1318,-394,1515,-1494,-3369,-4532
349,3,-1028,-416,1631,-1274,-2585,-4495
350,3,243,-204,256,-1150,-2096,-4432
351,3,2131,-83,-1404,-1060,-1682,-4429
352,3,4203,303,-3533,-976,-1420,-4460
353,3,5720,710,-4600,-923,-1376,-4489
354,3,6867,943,-4776,-923,-1461,-4509
355,3,7201,934,-4598,-981,-1683,-4549
356,3,6560,667,-4044,-1099,-2067,-4623
357,3,4958,30,-2745,-1277,-2527,-4719
358,3,3337,-506,-1452,-1403,-2890,-4706
359,3,1916,-673,-385,-1453,-3098,-4658
360,3,788,-688,267,-1463,-3161,-4631
361,3,147,-561,224,-1454,-3153,-4597
362,3,-303,-457,134,-1459,-3157,-4595
363,3,-658,-391,113,-1464,-3165,-4595
364,3,-887,-329,111,-1466,-3175,-4595
365,3,-1038,-286,125,-1467,-3189,-4594
366,3,-1160,-246,156,-1471,-3202,-4591
367,3,-1231,-244,231,-1475,-3212,-4594
368,3,-1265,-220,295,-1474,-3201,-4593
369,3,-1352,-308,657,-1469,-3160,-4596
370,3,-1464,-520,1348,-1436,-3012,-4603
371,3,-1491,-606,1787,-1346,-2693,-4589
372,3,-1054,-544,1448,-1229,-2232,-4526
373,3,230,-350,5,-1103,-1710,-4450
374,3,2167,-77,-1990,-989,-1291,-4438
375,3,4220,508,-3803,-891,-1074,-4449
376,3,5687,1032,-4488,-842,-1030,-4480
377,3,6714,1305,-4697,-843,-1070,-4503
378,3,7157,1277,-4673,-896,-1248,-4571
379,3,6848,954,-4067,-990,-1572,-4663
380,3,5700,518,-3117,-1123,-2001,-4753
381,3,3943,25,-1858,-1270,-2423,-4775
382,3,2438,-447,-759,-1359,-2672,-4721
383,3,1171,-523,86,-1377,-2772,-4684
384,3,356,-479,199,-1368,-2803,-4677
385,3,-216,-338,82,-1354,-2821,-4681
386,3,-1089,-200,32,-1373,-2880,-4679
387,3,-1348,-208,-7,-1385,-2898,-4681
388,3,-1558,-165,-44,-1393,-2915,-4680
389,3,-1661,-165,-93,-1400,-2929,-4678
390,3,-1769,-142,12,-1402,-2940,-4675
391,3,-1866,-247,301,-1399,-2919,-4675
392,3,-2035,-455,979,-1358,-2787,-4678
393,3,-2064,-601,1464,-1259,-2490,-4666
394,3,-1634,-445,1481,-1134,-2065,-4628
395,3,-551,-332,457,-1006,-1576,-4601
396,3,977,-91,-1286,-887,-1098,-4624
397,3,3191,413,-3517,-789,-794,-4633
398,3,4883,717,-4659,-738,-732,-4665
399,3,6245,1007,-4997,-713,-783,-4667
400,3,6665,1146,-4826,-750,-997,-4711
401,3,6171,993,-4078,-864,-1366,-4780
402,3,4795,589,-3047,-1042,-1831,-4854
403,3,2888,16,-1607,-1215,-2286,-4843
404,3,1354,-428,-495,-1295,-2536,-4805
405,3,312,-351,47,-1302,-2615,-4757
406,3,-374,-199,110,-1317,-2652,-4744
407,3,-935,-185,-2,-1339,-2677,-4742
408,3,-1294,-91,-164,-1350,-2692,-4746
409,3,-1583,-7,-184,-1360,-2718,-4745
410,3,-1779,25,-221,-1372,-2740,-4739
411,3,-1920,60,-237,-1382,-2762,-4734
412,3,-2038,110,-208,-1390,-2784,-4728
413,3,-2099,134,-166,-1400,-2805,-4726
414,3,-2231,89,189,-1404,-2805,-4727
415,3,-2487,-192,949,-1374,-2682,-4729
416,3,-2749,-331,1654,-1267,-2336,-4717
417,3,-2246,-290,1429,-1121,-1842,-4701
418,3,-1110,-60,350,-973,-1290,-4651
419,3,745,378,-1930,-872,-800,-4593
420,3,2887,660,-4155,-823,-553,-4623
421,3,4486,745,-5351,-785,-523,-4671
422,3,5805,962,-6009,-757,-636,-4715
423,3,6003,1128,-5876,-792,-983,-4797
424,3,4710,966,-4749,-928,-1544,-4935
425,3,2657,438,-3024,-1159,-2154,-5027
426,3,771,-270,-1228,-1327,-2527,-5021
427,3,-356,-471,-447,-1365,-2620,-4970
428,3,-1024,-379,-429,-1369,-2636,-4954
429,3,-1413,-183,-542,-1376,-2655,-4959
430,3,-1728,-106,-615,-1395,-2687,-4962
431,3,-1957,-92,-618,-1415,-2730,-4962
432,3,-2165,-56,-640,-1432,-2777,-4964
433,3,-2351,14,-701,-1453,-2831,-4965
434,3,-2517,69,-657,-1474,-2878,-4966
435,3,-2714,42,-511,-1489,-2902,-4964
436,3,-2990,-36,27,-1482,-2852,-4958
437,3,-3286,-269,845,-1425,-2635,-4942
438,3,-3203,-305,1199,-1311,-2238,-4922
439,3,-2417,-156,925,-1188,-1760,-4895
440,3,-1124,-39,-538,-1068,-1229,-4824
441,3,1298,212,-2807,-965,-783,-4800
442,3,3548,525,-4637,-894,-599,-4814
443,3,5112,767,-5563,-840,-622,-4844
444,3,5924,1068,-5548,-810,-812,-4897
445,3,5494,1455,-4869,-857,-1198,-4991
446,3,3868,1215,-3699,-1048,-1778,-5156
447,3,1791,311,-2259,-1304,-2343,-5215
448,3,76,-93,-956,-1429,-2661,-5145
449,3,-857,43,-495,-1444,-2767,-5063
450,3,-1546,286,-594,-1449,-2807,-5035
451,3,-2076,441,-884,-1466,-2849,-5030
452,3,-2300,536,-1086,-1482,-2894,-5027
453,3,-2118,671,-1498,-1477,-2924,-4980
454,3,-2185,937,-1896,-1461,-2967,-4870
455,3,-2305,1121,-2115,-1451,-3024,-4758
456,3,-2479,1627,-2439,-1405,-3076,-4580
457,3,-2991,1949,-2859,-1334,-3159,-4400
458,3,-3595,2153,-3198,-1249,-3258,-4249
459,3,-4298,2296,-3420,-1154,-3349,-4140
460,3,-4593,2174,-3595,-1115,-3448,-4162
461,3,-4575,1910,-3951,-1129,-3526,-4215
462,3,-4543,1754,-4480,-1157,-3589,-4230
463,3,-4454,1644,-4911,-1192,-3657,-4235
464,3,-4471,1558,-5150,-1232,-3725,-4266
465,3,-4424,1535,-5346,-1270,-3791,-4282
466,3,-4343,1544,-5512,-1307,-3853,-4299
467,3,-4297,1581,-5611,-1336,-3912,-4311
468,3,-4233,1584,-5651,-1368,-3973,-4317
469,3,-4177,1608,-5693,-1399,-4030,-4329
470,3,-4120,1633,-5718,-1431,-4089,-4341
471,3,-4060,1656,-5728,-1464,-4148,-4354
472,3,-4011,1674,-5736,-1494,-4207,-4365
473,3,-3968,1684,-5714,-1525,-4266,-4373
474,3,-3919,1699,-5708,-1554,-4325,-4382
475,3,-3879,1719,-5691,-1583,-4383,-4389
476,3,-3837,1739,-5674,-1612,-4441,-4394
477,3,-3790,1751,-5661,-1642,-4499,-4398
478,3,-3742,1753,-5646,-1671,-4555,-4403
479,3,-3695,1769,-5622,-1699,-4611,-4409
480,3,-3620,1791,-5573,-1757,-4724,-4423
481,3,-3583,1796,-5564,-1788,-4779,-4433
482,3,-3538,1784,-5537,-1817,-4836,-4444
483,3,-3493,1792,-5514,-1846,-4891,-4450
484,3,-3448,1801,-5503,-1874,-4944,-4457
485,3,-3399,1794,-5478,-1903,-4999,-4463
486,3,-3367,1797,-5457,-1932,-5054,-4472
487,4,5412,940,-4500,-2303,-3535,-5041
488,4,7144,1222,-4661,-2232,-3528,-5074
489,4,8308,1422,-4752,-2233,-3647,-5129
490,4,8315,1381,-4035,-2336,-3954,-5235
491,4,7318,1069,-3116,-2534,-4402,-5361
492,4,5657,458,-2103,-2748,-4869,-5421
493,4,3419,207,-918,-2948,-5338,-5447
494,4,1656,-127,143,-3079,-5610,-5429
495,4,685,-2,122,-3081,-5646,-5370
496,4,-78,209,-130,-3096,-5674,-5352
497,4,-572,368,-435,-3114,-5702,-5344
498,4,-882,470,-555,-3128,-5731,-5343
499,4,-1045,638,-721,-3133,-5754,-5310
500,4,-1295,695,-820,-3153,-5772,-5305
501,4,-1387,767,-932,-3163,-5787,-5298
502,4,-1517,833,-865,-3169,-5798,-5280
503,4,-1663,768,-337,-3161,-5746,-5247
504,4,-1986,692,466,-3100,-5560,-5195
505,4,-2020,666,1121,-2986,-5218,-5112
506,4,-1565,695,1412,-2861,-4764,-5057
507,4,-429,639,433,-2714,-4250,-4977
508,4,1500,757,-1348,-2557,-3741,-4881
509,4,4133,987,-3401,-2441,-3409,-4848
510,4,6179,1197,-4340,-2375,-3273,-4870
511,4,7485,1396,-5174,-2334,-3223,-4891
512,4,8400,1417,-5402,-2331,-3331,-4964
513,4,8452,1358,-4931,-2379,-3611,-5091
514,4,7416,1253,-3709,-2497,-4062,-5236
515,4,5547,948,-2412,-2676,-4592,-5361
516,4,3252,627,-718,-2871,-5048,-5429
517,4,1514,113,293,-2962,-5266,-5425
518,4,737,223,326,-2961,-5309,-5394
519,4,32,360,14,-2977,-5326,-5383
520,4,-856,418,-426,-3016,-5367,-5368
521,4,-1047,503,-475,-3014,-5379,-5358
522,4,-1193,609,-526,-3017,-5393,-5350
523,4,-1340,623,-574,-3028,-5411,-5342
524,4,-1416,626,-608,-3034,-5421,-5334
525,4,-1452,659,-573,-3038,-5429,-5325
526,4,-1507,655,-412,-3042,-5430,-5316
527,4,-1623,477,53,-3031,-5376,-5299
528,4,-1848,351,808,-2950,-5159,-5235
529,4,-1718,430,1308,-2820,-4789,-5112
530,4,-1156,331,1683,-2699,-4323,-5002
531,4,-59,510,386,-2527,-3732,-4814
532,4,2234,712,-2185,-2408,-3236,-4672
533,4,4691,982,-3925,-2359,-3052,-4667
534,4,6369,1265,-4736,-2319,-2991,-4705
535,4,7598,1539,-5346,-2298,-3015,-4746
536,4,8239,1555,-5181,-2347,-3226,-4872
537,4,7963,1312,-4274,-2443,-3584,-5019
538,4,6695,959,-3232,-2574,-4044,-5148
539,4,4738,500,-2021,-2733,-4550,-5260
540,4,2576,323,-874,-2850,-4928,-5324
541,4,902,18,-99,-2927,-5146,-5360
542,4,26,117,-160,-2929,-5197,-5332
543,4,-647,163,-551,-2951,-5217,-5334
544,4,-1097,100,-931,-2979,-5243,-5344
545,4,-1418,124,-1147,-2991,-5265,-5352
546,4,-1641,162,-1226,-2997,-5281,-5358
547,4,-1779,179,-1274,-3006,-5294,-5359
548,4,-1890,147,-1291,-3015,-5304,-5360
549,4,-2000,76,-1109,-3021,-5301,-5365
550,4,-2186,-80,-583,-2992,-5219,-5355
551,4,-2512,-371,400,-2889,-4980,-5288
552,4,-2357,-218,861,-2721,-4583,-5139
553,4,-1502,-3,800,-2568,-4095,-4941
554,4,96,53,-167,-2445,-3547,-4834
555,4,2350,398,-2233,-2357,-3111,-4707
556,4,4651,585,-3845,-2329,-2905,-4687
557,4,6317,657,-4885,-2302,-2864,-4712
558,4,7496,705,-5328,-2279,-2972,-4775
559,4,7614,839,-5003,-2303,-3285,-4886
560,4,6428,824,-3774,-2415,-3808,-5070
561,4,4438,543,-2277,-2584,-4368,-5223
562,4,2377,107,-909,-2721,-4755,-5308
563,4,754,-142,-73,-2798,-4942,-5345
564,4,19,-180,-107,-2808,-4993,-5332
565,4,-570,-96,-485,-2825,-5023,-5335
566,4,-1049,-71,-828,-2851,-5053,-5341
567,4,-1407,-98,-1056,-2879,-5092,-5351
568,4,-1661,-62,-1148,-2896,-5125,-5359
569,4,-1828,-31,-1257,-2907,-5146,-5360
570,4,-1936,14,-1331,-2923,-5170,-5364
571,4,-2050,2,-1237,-2934,-5181,-5362
572,4,-2136,-75,-806,-2931,-5143,-5351
573,4,-2411,-167,58,-2896,-4996,-5309
574,4,-2563,-263,719,-2794,-4684,-5192
575,4,-2151,-263,1090,-2683,-4275,-5111
576,4,-1010,-216,661,-2546,-3781,-5015
577,4,856,-11,-731,-2404,-3288,-4928
578,4,3135,411,-2252,-2305,-2944,-4878
579,4,5136,720,-3668,-2258,-2771,-4900
580,4,6603,880,-4674,-2228,-2738,-4947
581,4,7613,1030,-5083,-2227,-2882,-5010
582,4,7471,958,-4297,-2311,-3232,-5138
583,4,6278,787,-3235,-2467,-3744,-5271
584,4,4254,263,-1913,-2668,-4252,-5385
585,4,2156,-49,-722,-2806,-4611,-5426
586,4,756,-363,-86,-2891,-4810,-5419
587,4,-124,-373,-80,-2909,-4876,-5397
588,4,-735,-275,-342,-2916,-4904,-5391
589,4,-1198,-172,-707,-2925,-4924,-5392
590,4,-1501,-93,-912,-2937,-4946,-5400
591,4,-1703,-26,-1046,-2943,-4965,-5405
592,4,-1881,0,-1094,-2950,-4983,-5410
593,4,-1976,-7,-1103,-2956,-4992,-5409
594,4,-2032,62,-1125,-2960,-4995,-5405
595,4,-2035,-10,-1024,-2976,-5009,-5411
596,4,-2202,-255,-292,-2965,-4960,-5405
597,4,-2482,-296,451,-2856,-4718,-5302
598,4,-2438,-200,988,-2736,-4349,-5164
599,4,-1455,-142,1122,-2647,-3948,-5061
600,4,-210,36,545,-2539,-3469,-4946
601,4,1579,206,-1214,-2417,-2958,-4822
602,4,3963,536,-3573,-2339,-2656,-4773
603,4,5572,782,-4760,-2308,-2603,-4809
604,4,6841,1056,-5243,-2275,-2657,-4850
605,4,7385,1066,-5349,-2293,-2872,-4943
606,4,6895,928,-4178,-2361,-3275,-5089
607,4,5408,604,-2931,-2512,-3810,-5281
608,4,3193,237,-1322,-2683,-4307,-5416
609,4,1263,-272,-202,-2769,-4583,-5443
610,4,370,-297,-8,-2782,-4661,-5401
611,4,-323,-274,-223,-2811,-4710,-5399
612,4,-937,-276,-549,-2833,-4742,-5400
613,4,-1328,-181,-817,-2847,-4768,-5403
614,4,-1575,-116,-953,-2866,-4798,-5409
615,4,-1748,-53,-1026,-2881,-4823,-5408
616,4,-1930,-29,-1040,-2896,-4848,-5409
617,4,-2033,-12,-1043,-2911,-4871,-5417
618,4,-2181,-80,-777,-2911,-4860,-5416
619,4,-2523,-267,126,-2854,-4717,-5351
620,4,-2698,-107,769,-2734,-4389,-5190
621,4,-2090,122,1125,-2674,-4014,-5066
622,4,-845,224,508,-2618,-3600,-4973
623,4,850,252,-775,-2542,-3181,-4865
624,4,3108,215,-2076,-2474,-2854,-4820
625,4,5204,483,-3539,-2392,-2679,-4808
626,4,6651,816,-4339,-2348,-2734,-4845
627,4,6988,961,-3886,-2379,-3011,-4967
628,4,6209,939,-2966,-2488,-3432,-5110
629,4,4444,538,-1651,-2678,-3903,-5278
630,4,2739,-124,-828,-2837,-4283,-5355
631,4,1239,-352,-124,-2907,-4529,-5367
632,4,121,-426,221,-2934,-4643,-5357
633,4,-543,-387,-86,-2937,-4659,-5340
634,4,-1007,-275,-469,-2948,-4676,-5338
635,4,-1343,-251,-742,-2967,-4697,-5339
636,4,-1589,-213,-892,-2984,-4721,-5333
637,4,-1777,-187,-946,-2997,-4746,-5332
638,4,-1900,-145,-1001,-3008,-4767,-5333
639,4,-1967,-84,-1066,-3018,-4788,-5337
640,4,-2028,-43,-1082,-3033,-4818,-5347
641,4,-2099,-59,-1042,-3049,-4848,-5362
642,4,-2237,-97,-765,-3059,-4858,-5375
643,4,-2741,-435,42,-3039,-4774,-5372
644,4,-3114,-542,853,-2914,-4471,-5273
645,4,-2699,-505,792,-2762,-4012,-5162
646,4,-1506,-352,301,-2616,-3533,-5066
647,4,217,-178,-865,-2464,-3043,-4957
648,4,2652,280,-2753,-2334,-2647,-4875
649,4,4895,807,-4253,-2261,-2490,-4867
650,4,6430,1306,-4963,-2219,-2481,-4884
651,4,7114,1579,-5067,-2257,-2696,-4968
652,4,6414,1494,-4309,-2419,-3162,-5139
653,4,4873,725,-2873,-2669,-3718,-5308
654,4,3083,100,-1695,-2874,-4186,-5346
655,4,1250,-250,-480,-2993,-4496,-5341
656,4,87,-362,127,-3023,-4604,-5299
657,4,-530,-260,-175,-3025,-4625,-5275
658,4,-1014,-132,-501,-3034,-4649,-5285
659,4,-1387,-13,-739,-3044,-4671,-5287
660,4,-1625,32,-839,-3058,-4701,-5290
661,4,-1791,73,-929,-3073,-4729,-5291
662,4,-1886,106,-1040,-3083,-4755,-5291
663,4,-1690,226,-1344,-3087,-4785,-5275
664,4,-1195,579,-1813,-3085,-4836,-5192
665,4,-1127,811,-2167,-3054,-4905,-5029
666,4,-1813,1134,-2447,-2957,-4980,-4813
667,4,-2578,1509,-2777,-2828,-5043,-4613
668,4,-3013,1627,-2893,-2756,-5142,-4477
669,4,-3281,1820,-3050,-2709,-5235,-4392
670,4,-3304,1701,-3710,-2759,-5380,-4460
671,4,-3301,1584,-4149,-2809,-5442,-4508
672,4,-3216,1568,-4457,-2862,-5505,-4534
673,4,-3141,1516,-4701,-2907,-5569,-4535
674,4,-3088,1535,-4814,-2943,-5624,-4560
675,4,-3008,1647,-4916,-2980,-5679,-4571
676,4,-2958,1661,-5012,-3020,-5733,-4581
677,4,-2895,1701,-5068,-3058,-5787,-4593
678,4,-2851,1740,-5091,-3095,-5841,-4605
679,4,-2793,1790,-5116,-3128,-5893,-4617
680,4,-2748,1821,-5121,-3162,-5946,-4623
681,4,-2709,1822,-5110,-3195,-5997,-4630
682,4,-2677,1832,-5111,-3222,-6046,-4640
683,4,-2631,1824,-5094,-3253,-6095,-4644
684,4,-2598,1842,-5084,-3280,-6143,-4647
685,4,-2564,1844,-5061,-3310,-6193,-4651
686,4,-2526,1851,-5030,-3341,-6240,-4652
687,4,-2494,1853,-5008,-3372,-6289,-4658
688,4,-2422,1839,-4971,-3436,-6388,-4673
689,4,-2390,1837,-4937,-3468,-6437,-4679
690,4,-2348,1855,-4910,-3498,-6485,-4684
691,4,-2323,1854,-4888,-3530,-6533,-4691
692,4,-2290,1840,-4874,-3562,-6580,-4698
693,4,-2263,1835,-4862,-3592,-6628,-4704
694,4,-2230,1842,-4832,-3623,-6674,-4711
695,5,7088,1087,-4842,-3583,-4658,-4905
696,5,8489,1302,-5276,-3585,-4737,-4933
697,5,8875,1234,-5212,-3690,-5031,-5044
698,5,7963,830,-3579,-3921,-5544,-5255
699,5,5893,100,-2100,-4236,-6142,-5434
700,5,4012,-520,-736,-4439,-6569,-5487
701,5,2379,-708,382,-4495,-6736,-5495
702,5,1407,-579,533,-4484,-6773,-5451
703,5,743,-493,398,-4498,-6782,-5444
704,5,253,-500,194,-4509,-6788,-5457
705,5,-47,-431,-6,-4510,-6791,-5467
706,5,-249,-378,-94,-4504,-6792,-5472
707,5,-399,-384,-118,-4504,-6795,-5479
708,5,-534,-435,-76,-4496,-6786,-5486
709,5,-623,-524,104,-4470,-6746,-5493
710,5,-747,-572,598,-4417,-6652,-5479
711,5,-1078,-907,1616,-4291,-6412,-5412
712,5,-1120,-847,1937,-4056,-5956,-5224
713,5,-245,-687,1297,-3828,-5390,-5010
714,5,1473,-452,-639,-3612,-4811,-4760
715,5,4169,-129,-2804,-3490,-4465,-4670
716,5,6345,386,-4013,-3415,-4372,-4687
717,5,7927,965,-4525,-3377,-4391,-4724
718,5,8789,1081,-4474,-3418,-4580,-4844
719,5,8481,1030,-3870,-3521,-4927,-5050
720,5,6878,814,-2724,-3720,-5414,-5295
721,5,4858,213,-1393,-4007,-5925,-5517
722,5,2564,-640,-69,-4211,-6265,-5632
723,5,1388,-794,384,-4254,-6375,-5612
724,5,679,-780,212,-4258,-6403,-5594
725,5,98,-632,-66,-4270,-6422,-5586
726,5,-317,-625,-287,-4283,-6437,-5587
727,5,-575,-610,-432,-4283,-6449,-5595
728,5,-722,-519,-470,-4274,-6453,-5601
729,5,-849,-442,-479,-4272,-6454,-5602
730,5,-990,-461,-320,-4266,-6436,-5593
731,5,-1290,-615,286,-4221,-6346,-5551
732,5,-1765,-680,1427,-4100,-6072,-5436
733,5,-1634,-635,1531,-3919,-5625,-5276
734,5,-478,-411,874,-3750,-5141,-5154
735,5,1208,-283,-278,-3572,-4663,-5027
736,5,3592,1,-1954,-3404,-4266,-4939
737,5,5924,582,-3539,-3298,-4080,-4916
738,5,7425,981,-4135,-3289,-4134,-4979
739,5,8128,1055,-3826,-3369,-4374,-5120
740,5,7511,750,-2903,-3572,-4808,-5339
741,5,6057,35,-1919,-3811,-5287,-5497
742,5,4184,-590,-687,-3981,-5680,-5535
743,5,2400,-512,706,-4042,-5913,-5496
744,5,1366,-727,1107,-4051,-5958,-5479
745,5,804,-515,748,-4031,-5940,-5485
746,5,297,-382,357,-4039,-5941,-5494
747,5,-62,-449,137,-4057,-5953,-5491
748,5,-209,-401,91,-4058,-5965,-5485
749,5,-477,-353,125,-4060,-5976,-5483
750,5,-699,-319,202,-4052,-5968,-5495
751,5,-1001,-463,768,-4036,-5929,-5488
752,5,-1411,-594,1544,-3886,-5677,-5343
753,5,-1247,-402,1680,-3713,-5260,-5161
754,5,-207,-142,1341,-3583,-4818,-5027
755,5,1315,127,276,-3463,-4365,-4899
756,5,3454,199,-1346,-3363,-3996,-4828
757,5,5640,478,-2837,-3272,-3801,-4833
758,5,7353,972,-3799,-3228,-3820,-4884
759,5,7722,1183,-3518,-3285,-4075,-4995
760,5,7103,998,-2843,-3443,-4502,-5155
761,5,5364,437,-1957,-3668,-4998,-5307
762,5,3402,-116,-430,-3867,-5389,-5387
763,5,1837,-600,871,-3931,-5561,-5366
764,5,1135,-568,962,-3916,-5575,-5330
765,5,525,-396,662,-3915,-5574,-5330
766,5,112,-335,416,-3936,-5589,-5340
767,5,-140,-296,248,-3954,-5611,-5353
768,5,-575,-195,123,-3984,-5656,-5369
769,5,-710,-185,0,-3993,-5666,-5377
770,5,-878,-236,104,-4000,-5671,-5384
771,5,-1182,-392,435,-3987,-5638,-5393
772,5,-1327,-546,1175,-3935,-5545,-5411
773,5,-1932,-839,1983,-3775,-5214,-5380
774,5,-2018,-884,1717,-3519,-4631,-5271
775,5,-810,-479,245,-3262,-3996,-5078
776,5,1728,36,-2295,-3089,-3471,-4963
777,5,4356,529,-4346,-3008,-3257,-4959
778,5,6170,902,-5397,-2973,-3235,-5004
779,5,7294,1302,-6342,-3005,-3437,-5102
780,5,6567,1308,-5351,-3209,-4025,-5307
781,5,4815,335,-3511,-3552,-4688,-5522
782,5,2990,-536,-1962,-3789,-5139,-5541
783,5,1489,-681,-811,-3888,-5387,-5506
784,5,444,-767,-103,-3933,-5496,-5496
785,5,-219,-675,-111,-3935,-5511,-5488
786,5,-571,-477,-337,-3939,-5526,-5500
787,5,-896,-364,-550,-3953,-5540,-5507
788,5,-1092,-332,-678,-3965,-5556,-5511
789,5,-1210,-290,-713,-3973,-5575,-5515
790,5,-1320,-222,-731,-3982,-5590,-5510
791,5,-1398,-186,-709,-3999,-5608,-5509
792,5,-1556,-223,-421,-4009,-5613,-5512
793,5,-2071,-571,581,-3967,-5510,-5507
794,5,-2704,-718,1438,-3784,-5140,-5425
795,5,-2314,-667,1320,-3558,-4611,-5345
796,5,-999,-237,235,-3334,-4058,-5256
797,5,1118,9,-1270,-3173,-3576,-5192
798,5,3652,421,-3250,-3036,-3234,-5150
799,5,5728,783,-4574,-2966,-3128,-5175
800,5,7156,1095,-5250,-2942,-3186,-5223
801,5,7552,1325,-5121,-3005,-3455,-5309
802,5,6705,1113,-4288,-3190,-3958,-5446
803,5,4567,582,-2759,-3459,-4573,-5567
804,5,2329,-42,-1101,-3705,-5081,-5644
805,5,610,-643,309,-3799,-5292,-5647
806,5,-80,-521,181,-3766,-5296,-5603
807,5,-522,-310,-135,-3758,-5296,-5613
808,5,-848,-182,-417,-3778,-5319,-5617
809,5,-1069,-198,-571,-3800,-5345,-5619
810,5,-1276,-150,-586,-3814,-5367,-5621
811,5,-1387,-129,-647,-3828,-5391,-5627
812,5,-1508,-76,-698,-3846,-5418,-5634
813,5,-1614,-40,-664,-3862,-5435,-5639
814,5,-1920,-233,75,-3864,-5404,-5642
815,5,-2599,-591,908,-3747,-5143,-5573
816,5,-2679,-609,1415,-3547,-4668,-5467
817,5,-1706,-372,892,-3340,-4127,-5393
818,5,72,85,-587,-3168,-3627,-5244
819,5,2442,210,-2209,-3060,-3256,-5190
820,5,4954,552,-3751,-2958,-3036,-5178
821,5,6669,982,-4856,-2906,-3022,-5215
822,5,7521,1286,-4872,-2921,-3198,-5282
823,5,7364,1264,-4285,-3027,-3550,-5390
824,5,5903,980,-3249,-3230,-4051,-5521
825,5,3656,201,-1693,-3504,-4609,-5648
826,5,2121,-462,-185,-3626,-4905,-5625
827,5,954,-339,622,-3612,-4963,-5543
828,5,233,-207,600,-3610,-4972,-5501
829,5,-189,-37,292,-3615,-4973,-5498
830,5,-520,58,116,-3624,-4985,-5496
831,5,-733,87,85,-3630,-4999,-5493
832,5,-917,162,35,-3635,-5007,-5485
833,5,-1042,184,0,-3642,-5018,-5481
834,5,-1091,225,-9,-3644,-5023,-5474
835,5,-1171,246,-2,-3647,-5030,-5464
836,5,-1176,281,8,-3648,-5034,-5456
837,5,-1178,285,175,-3652,-5034,-5454
838,5,-1343,151,1065,-3646,-4973,-5452
839,5,-1716,-35,2110,-3571,-4713,-5381
840,5,-1790,-47,2288,-3437,-4253,-5256
841,5,-1064,-143,1337,-3298,-3703,-5158
842,5,834,191,-740,-3170,-3204,-5037
843,5,3091,401,-2553,-3079,-2897,-5065
844,5,5127,838,-4093,-2992,-2736,-5101
845,5,6698,1318,-5265,-2935,-2700,-5111
846,5,7447,1570,-5502,-2959,-2868,-5192
847,5,7216,1246,-5066,-3096,-3295,-5351
848,5,5426,793,-3694,-3316,-3892,-5514
849,5,3523,53,-1476,-3540,-4418,-5582
850,5,1871,-296,-122,-3629,-4687,-5560
851,5,938,-386,217,-3653,-4794,-5534
852,5,132,-282,58,-3666,-4840,-5536
853,5,-393,-213,-236,-3684,-4874,-5538
854,5,-691,-60,-459,-3696,-4896,-5529
855,5,-568,168,-856,-3705,-4919,-5474
856,5,-481,366,-1225,-3706,-4959,-5339
857,5,-762,732,-1543,-3661,-4993,-5175
858,5,-1433,1225,-1779,-3586,-5039,-5002
859,5,-2010,1605,-2007,-3503,-5109,-4838
860,5,-2488,1932,-2234,-3414,-5189,-4703
861,5,-2875,2002,-2434,-3356,-5275,-4665
862,5,-3030,1970,-2746,-3334,-5357,-4624
863,5,-3068,1791,-3154,-3354,-5424,-4667
864,5,-3067,1889,-3738,-3363,-5484,-4650
865,5,-3005,1911,-4114,-3413,-5562,-4669
866,5,-2971,1875,-4367,-3472,-5634,-4709
867,5,-2968,1777,-4503,-3525,-5699,-4739
868,5,-2925,1833,-4739,-3567,-5754,-4749
869,5,-2872,1848,-4882,-3615,-5814,-4761
870,5,-2813,1868,-4955,-3655,-5869,-4758
871,5,-2752,1940,-5019,-3686,-5920,-4748
872,5,-2697,1981,-5042,-3720,-5971,-4750
873,5,-2654,2027,-5053,-3754,-6022,-4756
874,5,-2607,2060,-5057,-3789,-6074,-4762
875,5,-2561,2079,-5055,-3822,-6124,-4766
876,5,-2533,2090,-5051,-3855,-6173,-4769
877,5,-2490,2099,-5027,-3889,-6223,-4774
878,5,-2468,2116,-5019,-3923,-6272,-4779
879,5,-2425,2114,-5002,-3957,-6322,-4783
880,5,-2357,2137,-4932,-4025,-6418,-4783
881,5,-2310,2156,-4903,-4059,-6466,-4784
882,5,-2272,2166,-4878,-4093,-6514,-4789
883,5,-2236,2176,-4846,-4126,-6562,-4798
884,5,-2199,2176,-4830,-4161,-6611,-4806
885,5,-2164,2178,-4812,-4194,-6659,-4814
886,5,-2129,2166,-4785,-4226,-6706,-4817
887,5,-2102,2155,-4762,-4257,-6753,-4819
888,5,-2076,2158,-4736,-4287,-6798,-4817
889,6,7131,930,-5053,-3852,-4469,-5155
890,6,8542,1300,-5736,-3833,-4507,-5168
891,6,9169,1193,-5446,-3918,-4744,-5286
892,6,8806,922,-4600,-4072,-5138,-5456
893,6,7215,614,-3269,-4281,-5634,-5611
894,6,4998,-74,-1469,-4561,-6169,-5759
895,6,3023,-644,162,-4729,-6482,-5788
896,6,1997,-728,707,-4748,-6559,-5751
897,6,1248,-450,790,-4743,-6562,-5717
898,6,624,-380,591,-4759,-6560,-5708
899,6,242,-366,378,-4768,-6556,-5703
900,6,5,-286,304,-4766,-6557,-5706
901,6,-123,-191,288,-4762,-6557,-5706
902,6,-239,-162,293,-4762,-6555,-5705
903,6,-370,-168,345,-4764,-6553,-5706
904,6,-632,-362,904,-4748,-6503,-5707
905,6,-1092,-745,1999,-4608,-6234,-5672
906,6,-1221,-658,2392,-4353,-5734,-5532
907,6,-171,-436,1771,-4126,-5183,-5386
908,6,1429,-287,25,-3947,-4667,-5231
909,6,3504,-99,-2114,-3811,-4263,-5142
910,6,5736,169,-4203,-3712,-4040,-5164
911,6,7512,615,-5371,-3636,-3987,-5222
912,6,8681,1079,-5798,-3617,-4076,-5298
913,6,8796,1193,-5236,-3706,-4389,-5458
914,6,8117,822,-3789,-3899,-4833,-5645
915,6,6652,270,-2666,-4093,-5273,-5735
916,6,4616,-92,-1207,-4287,-5706,-5817
917,6,2651,-514,436,-4418,-5974,-5844
918,6,1615,-510,862,-4433,-6041,-5804
919,6,945,-398,687,-4443,-6056,-5791
920,6,376,-241,422,-4459,-6067,-5784
921,6,-36,-222,296,-4475,-6080,-5786
922,6,-276,-140,176,-4477,-6082,-5783
923,6,-443,-66,131,-4478,-6083,-5775
924,6,-553,-39,149,-4480,-6083,-5768
925,6,-663,-77,289,-4472,-6066,-5760
926,6,-762,-169,734,-4434,-5992,-5735
927,6,-956,-282,1408,-4339,-5796,-5670
928,6,-970,-361,2110,-4209,-5473,-5569
929,6,-581,-283,2443,-4045,-5020,-5467
930,6,506,-89,1158,-3842,-4465,-5330
931,6,2286,70,-763,-3703,-3992,-5234
932,6,4413,352,-3114,-3571,-3637,-5178
933,6,6350,737,-4971,-3481,-3506,-5201
934,6,7835,1161,-5707,-3432,-3543,-5273
935,6,8653,1473,-6067,-3468,-3775,-5426
936,6,8014,1329,-5137,-3644,-4253,-5636
937,6,6348,956,-3577,-3872,-4788,-5747
938,6,4477,483,-1645,-4076,-5237,-5797
939,6,2494,46,47,-4183,-5501,-5809
940,6,1096,-43,845,-4224,-5589,-5808
941,6,621,14,675,-4230,-5591,-5804
942,6,185,46,306,-4239,-5594,-5810
943,6,-152,-1,231,-4245,-5605,-5818
944,6,-298,43,230,-4241,-5608,-5815
945,6,-443,95,244,-4240,-5612,-5808
946,6,-582,58,237,-4248,-5614,-5800
947,6,-678,6,237,-4248,-5612,-5790
948,6,-723,50,287,-4241,-5606,-5785
949,6,-752,28,340,-4234,-5591,-5783
950,6,-853,-22,749,-4223,-5561,-5778
951,6,-1170,-265,1761,-4161,-5413,-5741
952,6,-1501,-436,2517,-4013,-5042,-5627
953,6,-1119,-378,1977,-3835,-4520,-5493
954,6,225,-118,471,-3658,-3963,-5361
955,6,2300,189,-1810,-3507,-3494,-5314
956,6,4721,653,-4029,-3385,-3231,-5311
957,6,6515,1138,-5302,-3308,-3168,-5342
958,6,7949,1606,-6009,-3273,-3245,-5398
959,6,8099,1743,-5496,-3337,-3551,-5531
960,6,7401,1557,-4051,-3482,-3955,-5700
961,6,6053,1035,-2686,-3678,-4388,-5808
962,6,4258,676,-1222,-3878,-4807,-5850
963,6,2526,-116,562,-4035,-5062,-5889
964,6,1678,-271,787,-4027,-5093,-5831
965,6,1017,-118,673,-4024,-5119,-5821
966,6,423,58,615,-4036,-5151,-5814
967,6,24,68,552,-4053,-5179,-5807
968,6,-313,105,543,-4059,-5195,-5804
969,6,-534,185,451,-4066,-5210,-5801
970,6,-744,168,435,-4070,-5215,-5799
971,6,-823,202,325,-4064,-5204,-5790
972,6,-852,256,242,-4067,-5215,-5796
973,6,-962,239,383,-4081,-5233,-5797
974,6,-1435,-196,1389,-4066,-5175,-5803
975,6,-2154,-441,2328,-3891,-4817,-5705
976,6,-1892,-255,2039,-3673,-4264,-5569
977,6,-714,125,805,-3482,-3678,-5430
978,6,1439,413,-1433,-3361,-3187,-5320
979,6,3789,675,-3666,-3289,-2918,-5291
980,6,5683,880,-5063,-3235,-2837,-5333
981,6,7230,1164,-5439,-3195,-2886,-5407
982,6,7777,1250,-5262,-3246,-3173,-5617
983,6,7363,1249,-4590,-3375,-3641,-5805
984,6,5449,806,-3315,-3644,-4257,-5999
985,6,2935,88,-1523,-3934,-4786,-6107
986,6,1200,-457,-585,-4055,-5004,-6086
987,6,172,-468,-404,-4084,-5069,-6045
988,6,-358,-357,-528,-4100,-5107,-6036
989,6,-873,-186,-696,-4112,-5121,-6031
990,6,-1255,-123,-749,-4134,-5150,-6047
991,6,-1458,-45,-830,-4142,-5165,-6057
992,6,-1640,44,-895,-4159,-5190,-6076
993,6,-1755,52,-861,-4176,-5208,-6079
994,6,-1894,10,-655,-4180,-5198,-6070
995,6,-2053,-198,-209,-4159,-5127,-6054
996,6,-2349,-451,778,-4060,-4906,-6018
997,6,-2469,-575,1404,-3861,-4484,-5916
998,6,-1791,-498,1220,-3651,-3956,-5774
999,6,-156,-112,-205,-3484,-3423,-5580
1000,6,2123,244,-2172,-3376,-3013,-5458
1001,6,4455,636,-4125,-3299,-2795,-5424
1002,6,6952,1468,-5750,-3304,-3112,-5626
1003,6,5857,1175,-4316,-3511,-3693,-5893
1004,6,4084,299,-2687,-3791,-4275,-6056
1005,6,2363,-427,-856,-3965,-4625,-6057
1006,6,1199,-517,21,-4021,-4773,-5987
1007,6,493,-501,332,-4053,-4844,-5959
1008,6,-104,-326,260,-4059,-4865,-5941
1009,6,-571,-212,212,-4070,-4882,-5940
1010,6,-859,-82,61,-4077,-4888,-5933
1011,6,-1034,-33,-20,-4084,-4900,-5932
1012,6,-1184,30,-71,-4091,-4913,-5936
1013,6,-1259,79,-94,-4095,-4928,-5936
1014,6,-1339,100,-22,-4100,-4943,-5933
1015,6,-1529,-44,425,-4091,-4915,-5929
1016,6,-2015,-406,1375,-4002,-4719,-5906
1017,6,-2213,-429,1896,-3817,-4302,-5798
1018,6,-1453,-238,1523,-3641,-3805,-5675
1019,6,13,-1,197,-3495,-3295,-5541
1020,6,4438,535,-3809,-3295,-2605,-5426
1021,6,6066,890,-4628,-3219,-2509,-5433
1022,6,7303,1326,-5288,-3157,-2496,-5444
1023,6,7666,1446,-5366,-3159,-2707,-5567
1024,6,7243,1366,-4440,-3203,-3102,-5721
1025,6,6021,1172,-2840,-3324,-3571,-5898
1026,6,4023,855,-1367,-3490,-4032,-5995
1027,6,2223,532,-187,-3621,-4346,-6004
1028,6,986,360,336,-3672,-4474,-5987
1029,6,89,436,407,-3685,-4521,-5951
1030,6,-557,473,162,-3703,-4535,-5938
1031,6,-955,556,-129,-3713,-4547,-5940
1032,6,-1249,661,-238,-3726,-4566,-5939
1033,6,-1445,655,-291,-3742,-4585,-5931
1034,6,-1599,681,-369,-3752,-4598,-5923
1035,6,-1688,680,-361,-3762,-4616,-5921
1036,6,-1737,692,-356,-3769,-4629,-5918
1037,6,-1782,694,-339,-3774,-4637,-5911
1038,6,-1832,671,-55,-3781,-4640,-5911
1039,6,-2087,508,854,-3766,-4564,-5897
1040,6,-2477,313,1603,-3669,-4271,-5794
1041,6,-2112,290,1965,-3551,-3840,-5666
1042,6,-1141,404,1292,-3434,-3336,-5553
1043,6,463,538,-373,-3336,-2840,-5427
1044,6,2734,780,-2714,-3273,-2488,-5410
1045,6,4794,960,-4451,-3214,-2326,-5457
1046,6,6280,1143,-5206,-3157,-2285,-5487
1047,6,7400,1329,-5494,-3107,-2315,-5517
1048,6,7866,1420,-5291,-3100,-2493,-5606
1049,6,7612,1402,-4383,-3147,-2820,-5701
1050,6,6223,1235,-3488,-3261,-3276,-5798
1051,6,3987,1004,-1959,-3411,-3795,-5873
1052,6,1698,621,-268,-3556,-4182,-5921
1053,6,473,552,424,-3589,-4283,-5856
1054,6,-235,643,259,-3592,-4295,-5829
1055,6,-747,787,-120,-3608,-4318,-5819
1056,6,-1151,819,-363,-3636,-4360,-5812
1057,6,-1426,867,-463,-3655,-4400,-5801
1058,6,-1615,960,-547,-3668,-4432,-5780
1059,6,-1623,1088,-740,-3680,-4460,-5739
1060,6,-1436,1306,-1132,-3683,-4485,-5648
1061,6,-1379,1696,-1460,-3695,-4538,-5496
1062,6,-1418,2032,-1847,-3679,-4601,-5316
1063,6,-1898,2427,-2025,-3637,-4687,-5155
1064,6,-2378,2609,-2309,-3559,-4743,-5018
1065,6,-2883,2882,-2715,-3453,-4791,-4870
1066,6,-3200,2912,-2988,-3438,-4884,-4880
1067,6,-3248,2784,-3378,-3459,-4970,-4925
1068,6,-3365,2615,-3670,-3481,-5028,-4968
1069,6,-3364,2522,-4146,-3536,-5097,-4995
1070,6,-3296,2444,-4482,-3593,-5167,-4992
1071,6,-3220,2407,-4695,-3640,-5229,-4986
1072,6,-3161,2488,-4842,-3682,-5290,-4984
1073,6,-3079,2576,-4971,-3725,-5349,-4981
1074,6,-2998,2640,-5032,-3765,-5404,-4983
1075,6,-2947,2691,-5064,-3805,-5459,-4987
1076,6,-2896,2706,-5104,-3843,-5514,-4992
1077,6,-2845,2725,-5125,-3879,-5568,-4996
1078,6,-2800,2751,-5138,-3914,-5622,-4996
1079,6,-2750,2764,-5136,-3946,-5674,-4994
1080,6,-2711,2783,-5131,-3980,-5727,-4992
1081,6,-2662,2784,-5118,-4013,-5777,-4989
1082,6,-2617,2787,-5105,-4044,-5827,-4986
1083,6,-2587,2788,-5091,-4078,-5878,-4984
1084,6,-2554,2783,-5084,-4110,-5929,-4981
1085,6,-2517,2775,-5063,-4142,-5978,-4979
1086,6,-2483,2766,-5043,-4174,-6029,-4977
1087,6,-2448,2747,-5021,-4205,-6079,-4975
1088,6,-2415,2746,-4993,-4238,-6128,-4972
1089,6,-2384,2729,-4975,-4270,-6178,-4970
1090,6,-2346,2726,-4959,-4303,-6226,-4969
1091,6,-2310,2709,-4938,-4336,-6277,-4969
1092,6,-2279,2701,-4936,-4370,-6326,-4969
1093,6,-2252,2685,-4912,-4403,-6375,-4968
1094,7,-861,-271,2244,-5050,-6336,-5719
1095,7,-1368,-507,2234,-4764,-5760,-5538
1096,7,-153,-272,736,-4463,-5092,-5369
1097,7,2243,223,-1656,-4247,-4553,-5221
1098,7,4727,530,-3536,-4152,-4288,-5173
1099,7,6878,814,-4815,-4082,-4169,-5208
1100,7,8486,1155,-5690,-4030,-4148,-5229
1101,7,9081,1302,-5772,-4062,-4349,-5334
1102,7,8682,1142,-4869,-4189,-4760,-5553
1103,7,7531,729,-3300,-4396,-5264,-5768
1104,7,5730,207,-1687,-4577,-5690,-5851
1105,7,3793,31,-52,-4697,-5968,-5892
1106,7,2463,-192,874,-4764,-6075,-5876
1107,7,1676,-343,1039,-4790,-6099,-5868
1108,7,1067,-257,859,-4791,-6096,-5864
1109,7,596,-214,676,-4799,-6095,-5862
1110,7,291,-214,607,-4802,-6090,-5855
1111,7,124,-190,613,-4796,-6081,-5850
1112,7,-8,-146,659,-4790,-6072,-5846
1113,7,-120,-177,685,-4783,-6059,-5842
1114,7,-165,-184,892,-4767,-6032,-5833
1115,7,-465,-429,1913,-4727,-5931,-5808
1116,7,-1058,-539,2873,-4556,-5557,-5674
1117,7,-823,-453,2559,-4349,-5006,-5531
1118,7,438,-133,762,-4143,-4422,-5369
1119,7,2670,201,-1815,-3987,-3977,-5284
1120,7,5161,591,-3848,-3876,-3761,-5287
1121,7,7055,1179,-4745,-3802,-3725,-5317
1122,7,8218,1597,-4873,-3807,-3842,-5392
1123,7,8515,1552,-4488,-3898,-4110,-5498
1124,7,7944,1180,-3697,-4038,-4502,-5621
1125,7,6204,783,-2350,-4211,-4974,-5720
1126,7,4333,286,-724,-4358,-5349,-5779
1127,7,2670,146,977,-4468,-5580,-5813
1128,7,1619,67,1229,-4485,-5598,-5780
1129,7,995,107,914,-4495,-5600,-5760
1130,7,503,174,748,-4501,-5607,-5747
1131,7,173,251,683,-4503,-5605,-5730
1132,7,-53,302,624,-4499,-5604,-5717
1133,7,-203,350,582,-4494,-5603,-5706
1134,7,-321,395,606,-4492,-5606,-5696
1135,7,-425,415,690,-4491,-5603,-5683
1136,7,-498,385,883,-4482,-5576,-5666
1137,7,-633,261,1572,-4455,-5492,-5643
1138,7,-1034,107,2553,-4360,-5234,-5578
1139,7,-1063,79,2771,-4205,-4779,-5466
1140,7,-294,131,1502,-4025,-4221,-5330
1141,7,1384,356,-642,-3858,-3692,-5228
1142,7,3893,711,-3023,-3725,-3348,-5215
1143,7,6023,1292,-4618,-3632,-3228,-5244
1144,7,7503,1861,-5307,-3602,-3273,-5287
1145,7,8187,1938,-5323,-3666,-3497,-5393
1146,7,7728,1563,-4714,-3806,-3908,-5556
1147,7,6287,869,-3249,-4001,-4436,-5710
1148,7,4357,495,-1393,-4150,-4860,-5768
1149,7,2452,73,48,-4267,-5136,-5821
1150,7,1345,-159,597,-4289,-5198,-5796
1151,7,675,-90,448,-4285,-5218,-5778
1152,7,173,-1,400,-4286,-5239,-5789
1153,7,-181,46,240,-4290,-5249,-5778
1154,7,-471,59,187,-4299,-5265,-5779
1155,7,-661,95,160,-4303,-5276,-5778
1156,7,-809,102,126,-4315,-5290,-5778
1157,7,-941,92,134,-4321,-5290,-5773
1158,7,-1084,89,247,-4326,-5284,-5773
1159,7,-1245,-119,778,-4325,-5238,-5803
1160,7,-1589,-461,1500,-4245,-5034,-5761
1161,7,-1835,-546,2045,-4084,-4637,-5650
1162,7,-1193,-441,1678,-3884,-4122,-5545
1163,7,366,31,-99,-3696,-3604,-5412
1164,7,2484,420,-2068,-3571,-3185,-5364
1165,7,4952,898,-4019,-3461,-2932,-5339
1166,7,6672,1304,-5054,-3401,-2865,-5362
1167,7,7750,1606,-5626,-3391,-2955,-5414
1168,7,7924,1598,-4909,-3472,-3282,-5576
1169,7,7227,1242,-3664,-3621,-3697,-5712
1170,7,5882,712,-2368,-3786,-4096,-5796
1171,7,4035,188,-921,-3955,-4479,-5848
1172,7,2405,-231,185,-4075,-4737,-5859
1173,7,1414,-262,549,-4097,-4811,-5821
1174,7,654,-157,506,-4107,-4845,-5797
1175,7,30,-85,410,-4113,-4865,-5783
1176,7,-440,34,331,-4120,-4883,-5769
1177,7,-679,111,251,-4130,-4895,-5760
1178,7,-869,177,208,-4137,-4899,-5746
1179,7,-1016,214,207,-4145,-4903,-5733
1180,7,-1091,234,191,-4145,-4900,-5720
1181,7,-1156,243,403,-4143,-4884,-5710
1182,7,-1322,142,1249,-4117,-4796,-5688
1183,7,-1695,-41,2340,-4029,-4516,-5609
1184,7,-1603,69,2243,-3899,-4069,-5494
1185,7,-627,143,1243,-3771,-3580,-5399
1186,7,1148,281,-495,-3651,-3129,-5335
1187,7,3440,602,-2374,-3527,-2773,-5332
1188,7,5503,1086,-4177,-3423,-2580,-5331
1189,7,6989,1472,-5194,-3372,-2567,-5350
1190,7,7955,1788,-5364,-3399,-2775,-5446
1191,7,7251,1656,-4840,-3565,-3231,-5646
1192,7,5692,857,-3325,-3797,-3750,-5762
1193,7,3996,171,-1583,-3982,-4161,-5760
1194,7,2148,-160,-341,-4083,-4436,-5744
1195,7,1070,-216,349,-4115,-4568,-5706
1196,7,188,-84,601,-4129,-4612,-5692
1197,7,-304,-28,410,-4143,-4641,-5685
1198,7,-684,28,127,-4147,-4654,-5689
1199,7,-947,124,-65,-4154,-4669,-5685
1200,7,-1157,129,-103,-4160,-4682,-5686
1201,7,-1283,145,-136,-4167,-4695,-5688
1202,7,-1360,183,-186,-4172,-4706,-5689
1203,7,-1460,206,-196,-4179,-4718,-5686
1204,7,-1493,174,-166,-4188,-4728,-5684
1205,7,-1642,93,228,-4187,-4715,-5683
1206,7,-2721,-433,2115,-3973,-4146,-5562
1207,7,-2275,-254,1362,-3783,-3567,-5432
1208,7,-686,104,-427,-3641,-3005,-5292
1209,7,1812,441,-2766,-3544,-2596,-5238
1210,7,4252,740,-4563,-3466,-2413,-5266
1211,7,6009,1104,-5397,-3396,-2373,-5293
1212,7,7021,1400,-5663,-3366,-2487,-5357
1213,7,7124,1478,-5086,-3386,-2764,-5474
1214,7,6484,1309,-3772,-3462,-3156,-5614
1215,7,5141,902,-1886,-3588,-3580,-5752
1216,7,3443,525,-633,-3724,-3958,-5832
1217,7,1744,215,160,-3842,-4234,-5879
1218,7,645,-45,379,-3904,-4361,-5885
1219,7,-106,-50,243,-3917,-4398,-5873
1220,7,-690,27,0,-3922,-4408,-5860
1221,7,-1104,75,-155,-3933,-4417,-5852
1222,7,-1365,99,-310,-3938,-4414,-5842
1223,7,-1503,149,-360,-3942,-4423,-5836
1224,7,-1620,191,-293,-3950,-4438,-5836
1225,7,-1679,200,-302,-3963,-4449,-5833
1226,7,-1736,180,-294,-3975,-4460,-5833
1227,7,-1832,142,47,-3983,-4460,-5831
1228,7,-2139,-102,879,-3956,-4363,-5807
1229,7,-2547,-224,1750,-3854,-4052,-5709
1230,7,-2246,-150,1706,-3722,-3583,-5591
1231,7,-1199,26,554,-3586,-3059,-5461
1232,7,768,258,-1569,-3462,-2575,-5362
1233,7,3629,781,-3871,-3357,-2297,-5337
1234,7,5547,1287,-4784,-3292,-2260,-5361
1235,7,6689,1698,-5023,-3278,-2387,-5431
1236,7,6878,1672,-4324,-3344,-2705,-5579
1237,7,5984,1286,-3548,-3465,-3132,-5688
1238,7,4233,952,-2065,-3598,-3564,-5786
1239,7,2457,590,-703,-3751,-3932,-5831
1240,7,988,226,268,-3841,-4137,-5820
1241,7,46,224,458,-3866,-4207,-5780
1242,7,-561,321,357,-3872,-4224,-5758
1243,7,-937,511,72,-3875,-4234,-5742
1244,7,-1244,562,-27,-3889,-4264,-5745
1245,7,-1431,607,-113,-3900,-4279,-5730
1246,7,-1603,649,-143,-3910,-4298,-5728
1247,7,-1740,671,-180,-3920,-4310,-5718
1248,7,-1789,677,-247,-3928,-4322,-5711
1249,7,-1785,679,-213,-3934,-4333,-5705
1250,7,-1892,671,181,-3939,-4328,-5698
1251,7,-2143,411,946,-3920,-4225,-5673
1252,7,-2423,249,1617,-3832,-3936,-5590
1253,7,-2115,307,1708,-3722,-3519,-5486
1254,7,-1228,376,863,-3605,-3029,-5359
1255,7,673,636,-1044,-3499,-2561,-5221
1256,7,3214,1010,-3002,-3412,-2251,-5206
1257,7,5184,1423,-4074,-3338,-2125,-5231
1258,7,6559,1860,-4730,-3293,-2109,-5241
1259,7,7373,2032,-4668,-3302,-2248,-5312
1260,7,7266,1872,-4065,-3370,-2546,-5433
1261,7,6158,1413,-3027,-3482,-2958,-5561
1262,7,4521,734,-1881,-3627,-3409,-5675
1263,7,2791,189,-586,-3717,-3730,-5715
1264,7,1434,129,278,-3750,-3894,-5712
1265,7,467,72,493,-3769,-3953,-5689
1266,7,-261,103,350,-3787,-3977,-5679
1267,7,-751,141,121,-3803,-3989,-5669
1268,7,-1062,174,20,-3821,-4002,-5663
1269,7,-1326,180,-42,-3836,-4016,-5661
1270,7,-1460,210,-172,-3847,-4031,-5656
1271,7,-1501,270,-184,-3863,-4060,-5654
1272,7,-1250,513,-415,-3878,-4081,-5613
1273,7,-900,818,-801,-3916,-4128,-5498
1274,7,-919,1174,-1204,-3953,-4200,-5351
1275,7,-1348,1590,-1431,-3955,-4289,-5201
1276,7,-2052,1966,-1546,-3910,-4382,-5050
1277,7,-2647,2235,-1828,-3842,-4477,-4914
1278,7,-3173,2419,-2143,-3780,-4571,-4848
1279,7,-3415,2477,-2564,-3738,-4647,-4792
1280,7,-3420,2441,-3081,-3740,-4717,-4775
1281,7,-3466,2390,-3575,-3763,-4783,-4795
1282,7,-3428,2332,-4021,-3806,-4854,-4798
1283,7,-3418,2323,-4325,-3853,-4923,-4820
1284,7,-3378,2296,-4573,-3894,-4984,-4837
1285,7,-3332,2296,-4770,-3932,-5043,-4851
1286,7,-3280,2311,-4924,-3966,-5098,-4857
1287,7,-3237,2326,-4999,-4001,-5153,-4863
1288,7,-3179,2371,-5056,-4039,-5209,-4865
1289,7,-3127,2381,-5105,-4083,-5268,-4873
1290,7,-3082,2387,-5135,-4122,-5323,-4880
1291,7,-3042,2398,-5142,-4156,-5377,-4883
1292,7,-3008,2410,-5136,-4188,-5428,-4884
1293,7,-2961,2420,-5114,-4220,-5480,-4884
1294,7,-2919,2444,-5100,-4252,-5531,-4883
1295,7,-2875,2454,-5082,-4286,-5582,-4882
1296,7,-2832,2467,-5060,-4319,-5634,-4885
1297,7,-2794,2463,-5049,-4352,-5685,-4890
1298,7,-2763,2454,-5030,-4385,-5736,-4891
1299,7,-2721,2443,-5018,-4416,-5787,-4893
1300,7,-2647,2445,-4966,-4477,-5885,-4891
1301,7,-2604,2444,-4936,-4511,-5935,-4892
1302,7,-2575,2433,-4914,-4544,-5984,-4896
1303,7,-2537,2422,-4896,-4575,-6034,-4898
1304,7,-2507,2420,-4873,-4609,-6083,-4899
1305,7,-2477,2418,-4850,-4641,-6133,-4901
1306,7,-2435,2399,-4829,-4675,-6182,-4905
1307,8,6402,673,-3956,-4569,-4229,-5004
1308,8,8058,1176,-4931,-4515,-4184,-5040
1309,8,9270,1396,-5517,-4512,-4258,-5088
1310,8,9448,1327,-5162,-4593,-4549,-5240
1311,8,8522,1098,-3917,-4749,-4998,-5430
1312,8,6762,573,-2265,-4948,-5454,-5579
1313,8,4993,70,-643,-5112,-5796,-5629
1314,8,3438,-243,447,-5197,-5981,-5622
1315,8,2335,-362,1083,-5232,-6060,-5600
1316,8,1629,-311,1117,-5235,-6069,-5577
1317,8,684,-90,829,-5246,-6072,-5558
1318,8,397,-84,758,-5253,-6079,-5556
1319,8,202,-27,705,-5250,-6079,-5548
1320,8,41,47,723,-5248,-6080,-5543
1321,8,-69,114,660,-5247,-6078,-5531
1322,8,-184,100,715,-5253,-6084,-5525
1323,8,-373,8,1117,-5240,-6050,-5516
1324,8,-802,-172,2106,-5160,-5870,-5468
1325,8,-1042,-338,2618,-4973,-5437,-5380
1326,8,-558,-222,1889,-4751,-4878,-5272
1327,8,717,136,-26,-4541,-4292,-5078
1328,8,3308,450,-2542,-4395,-3836,-5016
1329,8,5675,872,-4493,-4308,-3649,-5015
1330,8,7299,1317,-5327,-4261,-3629,-5060
1331,8,8388,1625,-5544,-4262,-3757,-5151
1332,8,8430,1560,-4752,-4371,-4113,-5341
1333,8,7808,928,-3780,-4539,-4545,-5546
1334,8,6315,441,-2286,-4712,-4983,-5642
1335,8,4430,135,-1050,-4875,-5347,-5680
1336,8,2706,-405,453,-5036,-5615,-5730
1337,8,1432,-418,865,-5049,-5643,-5694
1338,8,752,-275,539,-5057,-5651,-5674
1339,8,264,-249,368,-5073,-5671,-5675
1340,8,-89,-160,262,-5074,-5675,-5670
1341,8,-345,-102,290,-5080,-5685,-5668
1342,8,-493,-74,243,-5078,-5683,-5662
1343,8,-598,-63,179,-5080,-5687,-5661
1344,8,-689,-60,187,-5080,-5688,-5655
1345,8,-721,-30,196,-5075,-5681,-5645
1346,8,-718,-6,276,-5074,-5680,-5640
1347,8,-846,-63,881,-5067,-5646,-5633
1348,8,-1340,-441,2074,-4992,-5431,-5597
1349,8,-1505,-400,2404,-4818,-4978,-5468
1350,8,-869,-380,1683,-4645,-4452,-5366
1351,8,757,-188,40,-4477,-3943,-5258
1352,8,2897,125,-1885,-4340,-3543,-5226
1353,8,5084,679,-3633,-4219,-3311,-5247
1354,8,8148,1741,-5568,-4127,-3288,-5322
1355,8,8493,1728,-5401,-4190,-3530,-5392
1356,8,7892,1427,-4457,-4327,-3960,-5526
1357,8,6354,906,-2871,-4542,-4477,-5693
1358,8,4201,198,-1476,-4756,-4908,-5788
1359,8,2350,-393,-283,-4879,-5165,-5798
1360,8,1386,-427,296,-4897,-5243,-5743
1361,8,642,-337,405,-4895,-5264,-5718
1362,8,112,-204,279,-4895,-5272,-5709
1363,8,-292,-82,201,-4901,-5278,-5700
1364,8,-535,-60,172,-4909,-5282,-5696
1365,8,-707,-26,119,-4909,-5278,-5688
1366,8,-806,24,71,-4909,-5277,-5675
1367,8,-863,37,123,-4913,-5284,-5668
1368,8,-918,70,171,-4915,-5285,-5658
1369,8,-920,109,167,-4916,-5285,-5652
1370,8,-928,118,305,-4918,-5282,-5648
1371,8,-1066,24,862,-4907,-5237,-5645
1372,8,-1308,-163,1777,-4842,-5050,-5586
1373,8,-1408,-224,2290,-4711,-4671,-5477
1374,8,-876,-257,1791,-4553,-4175,-5363
1375,8,489,11,372,-4393,-3654,-5224
1376,8,2627,337,-1897,-4260,-3226,-5157
1377,8,4936,895,-3775,-4162,-3021,-5165
1378,8,6625,1445,-4705,-4096,-2985,-5212
1379,8,7794,1842,-4934,-4089,-3097,-5287
1380,8,7839,1733,-4337,-4176,-3424,-5477
1381,8,6994,1250,-3416,-4335,-3860,-5611
1382,8,5239,968,-1667,-4505,-4305,-5653
1383,8,3467,350,-708,-4638,-4637,-5688
1384,8,1825,95,324,-4710,-4852,-5703
1385,8,817,148,650,-4716,-4924,-5685
1386,8,153,246,499,-4712,-4928,-5667
1387,8,-308,322,278,-4718,-4922,-5645
1388,8,-641,295,141,-4731,-4928,-5638
1389,8,-817,358,29,-4733,-4932,-5621
1390,8,-985,415,55,-4742,-4943,-5612
1391,8,-1093,426,71,-4753,-4956,-5606
1392,8,-1149,474,48,-4759,-4960,-5597
1393,8,-1171,480,84,-4765,-4963,-5586
1394,8,-1213,413,483,-4770,-4947,-5581
1395,8,-1491,141,1521,-4735,-4798,-5570
1396,8,-1833,55,2180,-4617,-4417,-5451
1397,8,-1272,154,1708,-4476,-3899,-5263
1398,8,276,251,676,-4373,-3408,-5110
1399,8,2162,439,-1306,-4279,-2972,-5050
1400,8,4304,896,-3581,-4189,-2721,-5030
1401,8,6019,1389,-4730,-4119,-2653,-5061
1402,8,7402,1916,-5405,-4091,-2710,-5105
1403,8,7730,1946,-5044,-4142,-2955,-5233
1404,8,7299,1638,-4221,-4252,-3344,-5382
1405,8,5907,980,-2713,-4412,-3806,-5501
1406,8,4102,209,-1430,-4552,-4191,-5570
1407,8,2506,-126,68,-4615,-4412,-5571
1408,8,1515,-14,737,-4611,-4477,-5521
1409,8,857,30,823,-4612,-4507,-5508
1410,8,332,114,603,-4611,-4524,-5510
1411,8,-101,153,478,-4626,-4553,-5510
1412,8,-415,142,340,-4637,-4569,-5504
1413,8,-662,156,199,-4646,-4578,-5494
1414,8,-881,146,241,-4653,-4589,-5491
1415,8,-1005,189,228,-4653,-4588,-5480
1416,8,-1105,196,472,-4650,-4571,-5467
1417,8,-1331,38,1196,-4626,-4468,-5444
1418,8,-1455,-25,1889,-4542,-4194,-5357
1419,8,-1235,-69,2088,-4433,-3790,-5271
1420,8,-340,-38,1159,-4298,-3293,-5147
1421,8,1367,240,-712,-4180,-2829,-5018
1422,8,3746,684,-2659,-4080,-2526,-4966
1423,8,5577,1308,-3771,-4003,-2407,-4971
1424,8,6886,1745,-4338,-3975,-2399,-4989
1425,8,7591,1876,-4401,-3987,-2535,-5068
1426,8,7396,1670,-3782,-4065,-2871,-5248
1427,8,6424,1148,-2765,-4198,-3283,-5383
1428,8,4731,569,-1574,-4366,-3712,-5481
1429,8,2928,54,-201,-4494,-4028,-5494
1430,8,1629,-211,415,-4533,-4148,-5464
1431,8,767,-167,490,-4534,-4172,-5435
1432,8,149,-21,415,-4532,-4165,-5417
1433,8,-290,-14,296,-4543,-4173,-5415
1434,8,-586,7,284,-4547,-4182,-5416
1435,8,-793,66,250,-4552,-4191,-5407
1436,8,-942,66,202,-4561,-4205,-5402
1437,8,-1045,68,189,-4567,-4219,-5397
1438,8,-1119,93,221,-4570,-4228,-5387
1439,8,-1266,-11,597,-4571,-4219,-5384
1440,8,-1811,-449,1825,-4514,-4066,-5378
1441,8,-2383,-516,2512,-4344,-3630,-5300
1442,8,-1869,-165,1178,-4138,-3017,-5147
1443,8,163,313,-819,-4032,-2500,-5016
1444,8,2511,638,-2824,-3985,-2208,-4997
1445,8,4612,841,-4297,-3937,-2084,-5018
1446,8,6026,1110,-5203,-3895,-2162,-5073
1447,8,6219,1269,-5108,-3898,-2514,-5198
1448,8,4952,1278,-3597,-4007,-3065,-5426
1449,8,3202,656,-1934,-4231,-3626,-5573
1450,8,1452,23,-781,-4377,-3970,-5601
1451,8,273,-77,-174,-4440,-4130,-5576
1452,8,-496,-129,-144,-4464,-4184,-5564
1453,8,-1054,-17,-478,-4478,-4215,-5564
1454,8,-1467,48,-688,-4493,-4242,-5579
1455,8,-1726,107,-871,-4509,-4263,-5581
1456,8,-1924,110,-982,-4531,-4293,-5582
1457,8,-2091,166,-998,-4548,-4319,-5580
1458,8,-2220,154,-976,-4562,-4339,-5574
1459,8,-2265,185,-948,-4570,-4348,-5568
1460,8,-2325,236,-807,-4575,-4350,-5561
1461,8,-2496,106,-61,-4566,-4309,-5553
1462,8,-3105,-315,1297,-4476,-4067,-5516
1463,8,-3418,-285,1890,-4310,-3574,-5409
1464,8,-2675,35,882,-4150,-2979,-5267
1465,8,-721,331,-1386,-4089,-2448,-5121
1466,8,2025,330,-3791,-4040,-2116,-5087
1467,8,4349,398,-5393,-3966,-2004,-5120
1468,8,5806,825,-6020,-3882,-2080,-5172
1469,8,6128,1359,-5786,-3866,-2404,-5274
1470,8,5290,1361,-4468,-3966,-2918,-5422
1471,8,3562,794,-2635,-4163,-3459,-5596
1472,8,1648,423,-886,-4332,-3857,-5657
1473,8,305,-28,-122,-4431,-4065,-5642
1474,8,-369,-38,-11,-4439,-4101,-5596
1475,8,-894,138,-124,-4438,-4128,-5589
1476,8,-1261,183,-260,-4452,-4148,-5584
1477,8,-1468,247,-414,-4459,-4160,-5577
1478,8,-1660,294,-450,-4466,-4174,-5571
1479,8,-1781,327,-409,-4474,-4185,-5562
1480,8,-1842,339,-439,-4483,-4194,-5555
1481,8,-1864,355,-435,-4487,-4203,-5550
1482,8,-1914,328,-233,-4486,-4204,-5544
1483,8,-2217,155,651,-4462,-4138,-5520
1484,8,-2692,40,1623,-4372,-3845,-5402
1485,8,-1718,414,695,-4145,-2820,-5120
1486,8,317,653,-1201,-4075,-2326,-5031
1487,8,2707,945,-3657,-4020,-2010,-5010
1488,8,4754,1227,-5046,-3963,-1924,-5068
1489,8,6213,1505,-5790,-3908,-1947,-5110
1490,8,6647,1654,-5845,-3887,-2194,-5208
1491,8,6164,1549,-4597,-3919,-2602,-5354
1492,8,4854,1372,-2849,-4017,-3088,-5519
1493,8,2744,950,-1277,-4187,-3574,-5645
1494,8,1129,242,114,-4326,-3869,-5671
1495,8,196,82,307,-4351,-3932,-5629
1496,8,-438,176,89,-4358,-3955,-5617
1497,8,-907,278,-160,-4370,-3974,-5612
1498,8,-1242,386,-319,-4384,-3990,-5601
1499,8,-1373,455,-435,-4402,-4011,-5580
1500,8,-1283,632,-675,-4415,-4033,-5514
1501,8,-1275,934,-868,-4433,-4062,-5404
1502,8,-1337,1187,-1213,-4438,-4085,-5260
1503,8,-1499,1611,-1424,-4424,-4142,-5097
1504,8,-1898,1976,-1572,-4375,-4211,-4959
1505,8,-2393,2266,-1868,-4303,-4284,-4832
1506,8,-2993,2447,-2150,-4238,-4368,-4750
1507,8,-3314,2597,-2587,-4199,-4454,-4691
1508,8,-3400,2515,-3103,-4207,-4553,-4756
1509,8,-3439,2431,-3513,-4225,-4638,-4800
1510,8,-3547,2318,-3851,-4255,-4711,-4830
1511,8,-3561,2212,-4247,-4308,-4786,-4842
1512,8,-3541,2106,-4559,-4361,-4857,-4886
1513,8,-3476,2106,-4801,-4413,-4927,-4895
1514,8,-3414,2154,-4984,-4460,-4991,-4898
1515,8,-3361,2209,-5121,-4500,-5051,-4902
1516,8,-3311,2250,-5211,-4535,-5109,-4908
1517,8,-3268,2306,-5274,-4568,-5165,-4911
1518,8,-3204,2336,-5316,-4603,-5221,-4914
1519,8,-3156,2357,-5346,-4635,-5275,-4921
1520,8,-3112,2366,-5354,-4668,-5330,-4923
1521,8,-3081,2368,-5356,-4700,-5382,-4926
1522,8,-3000,2370,-5339,-4764,-5488,-4934
1523,8,-2956,2364,-5327,-4797,-5540,-4936
1524,8,-2919,2361,-5310,-4830,-5593,-4940
1525,8,-2889,2354,-5302,-4863,-5645,-4945
1526,8,-2853,2337,-5290,-4895,-5697,-4949
1527,8,-2820,2328,-5270,-4927,-5748,-4954
1528,8,-2775,2328,-5243,-4957,-5800,-4959
1529,8,-2735,2324,-5214,-4989,-5850,-4961
1530,8,-2701,2311,-5184,-5022,-5902,-4968
1531,8,-2670,2299,-5169,-5054,-5952,-4972
1532,8,-2638,2291,-5145,-5087,-6003,-4978
1533,8,-2603,2279,-5120,-5120,-6054,-4983
1534,8,-2571,2272,-5096,-5151,-6103,-4989
1535,8,-2540,2260,-5076,-5185,-6154,-4994
1536,9,-276,92,2513,-5768,-6059,-5517
1537,9,-497,-82,2831,-5559,-5521,-5398
1538,9,193,-52,1058,-5311,-4834,-5262
1539,9,2611,135,-1888,-5124,-4316,-5146
1540,9,5049,483,-4063,-5025,-4101,-5131
1541,9,6867,828,-5026,-4967,-4079,-5161
1542,9,8248,1039,-5477,-4941,-4181,-5225
1543,9,8398,980,-5149,-5003,-4511,-5397
1544,9,7282,967,-3668,-5145,-5013,-5633
1545,9,5507,412,-2325,-5364,-5541,-5843
1546,9,3350,-41,-582,-5534,-5939,-5924
1547,9,1938,-271,660,-5615,-6109,-5928
1548,9,1131,-266,756,-5637,-6140,-5900
1549,9,487,-161,432,-5655,-6154,-5888
1550,9,1,-143,192,-5685,-6173,-5890
1551,9,-322,-133,24,-5697,-6179,-5891
1552,9,-531,-36,-15,-5701,-6183,-5883
1553,9,-759,30,-102,-5704,-6183,-5860
1554,9,-821,104,-86,-5698,-6183,-5850
1555,9,-792,166,-7,-5704,-6195,-5848
1556,9,-963,81,429,-5709,-6187,-5842
1557,9,-1711,-251,1891,-5628,-6024,-5751
1558,9,-2450,-112,2309,-5446,-5539,-5510
1559,9,-1576,262,1012,-5295,-4946,-5292
1560,9,387,442,-422,-5185,-4446,-5157
1561,9,2848,527,-2468,-5068,-4060,-5091
1562,9,5434,834,-4253,-4961,-3870,-5078
1563,9,7268,1275,-4764,-4894,-3847,-5124
1564,9,8323,1683,-4913,-4888,-3945,-5186
1565,9,8489,1647,-4489,-4975,-4252,-5344
1566,9,7545,1216,-3766,-5141,-4717,-5522
1567,9,5675,778,-2655,-5336,-5251,-5648
1568,9,3114,470,-1110,-5518,-5713,-5740
1569,9,1414,-25,348,-5596,-5900,-5743
1570,9,567,158,442,-5568,-5885,-5664
1571,9,126,245,142,-5577,-5894,-5653
1572,9,-246,310,-20,-5590,-5905,-5648
1573,9,-523,354,-46,-5605,-5916,-5644
1574,9,-693,393,-124,-5612,-5920,-5635
1575,9,-763,448,-176,-5624,-5935,-5637
1576,9,-865,473,-246,-5641,-5956,-5639
1577,9,-956,481,-223,-5662,-5978,-5636
1578,9,-1094,500,17,-5680,-5980,-5625
1579,9,-1277,408,359,-5678,-5924,-5599
1580,9,-1425,411,1129,-5645,-5777,-5544
1581,9,-1681,269,2050,-5566,-5471,-5462
1582,9,-1361,226,1882,-5433,-4999,-5327
1583,9,-40,223,393,-5285,-4467,-5185
1584,9,2427,217,-1749,-5153,-4036,-5108
1585,9,4851,703,-3208,-5033,-3832,-5119
1586,9,6655,1287,-3843,-4972,-3812,-5160
1587,9,7617,1384,-4081,-4998,-4012,-5282
1588,9,6813,1243,-3291,-5108,-4486,-5492
1589,9,5262,710,-2086,-5288,-5007,-5697
1590,9,2907,546,-895,-5440,-5454,-5796
1591,9,1235,95,314,-5572,-5761,-5868
1592,9,332,42,533,-5595,-5813,-5830
1593,9,-316,108,48,-5603,-5813,-5803
1594,9,-746,176,-345,-5624,-5822,-5797
1595,9,-1057,207,-582,-5637,-5824,-5795
1596,9,-1241,210,-671,-5645,-5833,-5800
1597,9,-1374,264,-690,-5645,-5837,-5794
1598,9,-1433,296,-704,-5648,-5834,-5781
1599,9,-1421,332,-635,-5649,-5828,-5768
1600,9,-1478,308,-318,-5646,-5806,-5750
1601,9,-1699,178,334,-5618,-5707,-5695
1602,9,-1944,105,1566,-5536,-5440,-5600
1603,9,-1661,94,1869,-5389,-4992,-5452
1604,9,-668,242,1085,-5226,-4452,-5286
1605,9,1251,363,-619,-5066,-3932,-5133
1606,9,3658,797,-2497,-4950,-3597,-5022
1607,9,5726,1322,-3761,-4874,-3444,-5035
1608,9,7385,1878,-4723,-4834,-3416,-5067
1609,9,8273,2010,-5020,-4873,-3569,-5191
1610,9,8061,1718,-4172,-4985,-3930,-5369
1611,9,6851,1279,-3269,-5177,-4429,-5593
1612,9,4973,590,-2021,-5438,-4951,-5766
1613,9,2833,-387,-786,-5658,-5355,-5831
1614,9,1271,-772,65,-5702,-5473,-5785
1615,9,544,-697,201,-5704,-5506,-5731
1616,9,82,-578,21,-5703,-5517,-5715
1617,9,-351,-431,-81,-5708,-5518,-5705
1618,9,-716,-331,-182,-5715,-5521,-5700
1619,9,-911,-278,-280,-5723,-5526,-5698
1620,9,-1028,-216,-346,-5727,-5529,-5695
1621,9,-1162,-207,-291,-5728,-5527,-5690
1622,9,-1225,-155,-290,-5713,-5503,-5675
1623,9,-1182,-181,-33,-5701,-5479,-5664
1624,9,-1387,-199,985,-5670,-5388,-5618
1625,9,-1635,-411,1671,-5573,-5092,-5510
1626,9,-1304,-364,1682,-5433,-4655,-5360
1627,9,-258,-313,861,-5281,-4160,-5233
1628,9,1440,193,-537,-5141,-3683,-5073
1629,9,3971,574,-2561,-5046,-3367,-5065
1630,9,6047,1121,-3894,-4976,-3275,-5095
1631,9,7424,1574,-4369,-4950,-3331,-5134
1632,9,7897,1767,-4238,-4994,-3586,-5186
1633,9,6972,1492,-3262,-5109,-4013,-5338
1634,9,5311,965,-2175,-5276,-4527,-5532
1635,9,3262,481,-686,-5427,-4945,-5643
1636,9,1697,0,39,-5490,-5122,-5675
1637,9,729,-7,296,-5493,-5167,-5649
1638,9,2,17,284,-5504,-5191,-5644
1639,9,-467,0,55,-5514,-5196,-5635
1640,9,-760,-32,-108,-5517,-5197,-5631
1641,9,-953,-19,-197,-5521,-5202,-5629
1642,9,-1053,0,-242,-5528,-5216,-5636
1643,9,-1150,47,-273,-5535,-5230,-5632
1644,9,-1305,-20,-110,-5543,-5242,-5634
1645,9,-1498,-107,337,-5527,-5199,-5614
1646,9,-1873,-190,1682,-5335,-4655,-5389
1647,9,-1435,-149,1597,-5208,-4188,-5271
1648,9,-66,165,95,-5081,-3674,-5115
1649,9,2059,454,-1773,-4983,-3247,-5059
1650,9,4624,867,-3609,-4896,-3013,-5067
1651,9,6392,1338,-4616,-4852,-2990,-5100
1652,9,7424,1504,-4929,-4863,-3139,-5149
1653,9,7259,1417,-4659,-4925,-3484,-5234
1654,9,5846,1165,-3387,-5057,-4012,-5393
1655,9,3575,679,-1653,-5252,-4567,-5543
1656,9,1535,315,-183,-5392,-4910,-5573
1657,9,450,96,295,-5433,-5017,-5530
1658,9,-202,146,84,-5439,-5051,-5514
1659,9,-764,309,-197,-5443,-5063,-5515
1660,9,-1077,337,-415,-5459,-5080,-5519
1661,9,-1300,381,-542,-5470,-5094,-5520
1662,9,-1495,349,-564,-5476,-5100,-5519
1663,9,-1572,400,-682,-5478,-5104,-5514
1664,9,-1756,314,-508,-5510,-5152,-5530
1665,9,-1854,249,-60,-5495,-5104,-5509
1666,9,-2252,59,765,-5445,-4944,-5464
1667,9,-2337,15,1320,-5339,-4608,-5371
1668,9,-2015,40,1464,-5221,-4168,-5293
1669,9,-824,140,199,-5082,-3643,-5184
1670,9,1309,398,-1806,-4978,-3167,-5073
1671,9,3809,600,-3678,-4889,-2882,-5107
1672,9,5841,968,-4762,-4803,-2768,-5128
1673,9,7243,1335,-5269,-4748,-2771,-5131
1674,9,7949,1541,-5247,-4746,-2955,-5171
1675,9,7334,1509,-4230,-4811,-3359,-5262
1676,9,5796,1205,-3241,-4935,-3848,-5429
1677,9,3759,756,-1690,-5111,-4320,-5550
1678,9,1985,189,-317,-5222,-4607,-5531
1679,9,917,259,269,-5242,-4700,-5467
1680,9,200,387,222,-5238,-4722,-5452
1681,9,-348,453,105,-5247,-4745,-5446
1682,9,-755,515,25,-5256,-4758,-5441
1683,9,-998,536,-119,-5264,-4768,-5430
1684,9,-1181,571,-247,-5276,-4785,-5424
1685,9,-1343,600,-278,-5291,-4806,-5420
1686,9,-1467,576,-156,-5304,-4826,-5421
1687,9,-1677,458,260,-5299,-4804,-5422
1688,9,-2183,231,1227,-5243,-4629,-5371
1689,9,-2582,116,1834,-5111,-4225,-5262
1690,9,-2089,211,1539,-4971,-3713,-5169
1691,9,-569,609,-185,-4851,-3182,-5046
1692,9,1833,839,-2222,-4792,-2782,-4999
1693,9,4202,951,-4177,-4747,-2567,-4994
1694,9,6002,1108,-5538,-4720,-2544,-5007
1695,9,6795,1152,-5959,-4735,-2801,-5088
1696,9,5841,955,-5037,-4861,-3373,-5228
1697,9,4012,685,-3504,-5043,-3986,-5336
1698,9,2128,477,-1627,-5182,-4389,-5319
1699,9,516,64,-227,-5279,-4616,-5297
1700,9,-166,133,-39,-5289,-4671,-5220
1701,9,-735,639,-562,-5310,-4740,-5134
1702,9,-766,930,-954,-5332,-4783,-5031
1703,9,-870,1336,-1237,-5345,-4833,-4919
1704,9,-1061,1654,-1619,-5352,-4894,-4802
1705,9,-1425,1862,-2118,-5333,-4978,-4688
1706,9,-2081,2038,-2397,-5256,-5060,-4595
1707,9,-2771,2291,-2703,-5160,-5135,-4459
1708,9,-3059,2325,-3008,-5165,-5247,-4532
1709,9,-3150,2124,-3335,-5224,-5345,-4659
1710,9,-3151,2010,-3822,-5287,-5419,-4654
1711,9,-3043,1974,-4300,-5342,-5482,-4627
1712,9,-2988,1955,-4556,-5384,-5540,-4629
1713,9,-2929,2005,-4800,-5414,-5590,-4626
1714,9,-2887,2072,-4941,-5440,-5640,-4615
1715,9,-2859,2133,-5013,-5465,-5691,-4611
1716,9,-2805,2169,-5091,-5498,-5742,-4618
1717,9,-2754,2170,-5147,-5534,-5796,-4627
1718,9,-2717,2184,-5200,-5569,-5850,-4630
1719,9,-2686,2181,-5196,-5604,-5903,-4633
1720,9,-2649,2188,-5210,-5637,-5953,-4629
1721,9,-2616,2191,-5225,-5670,-6004,-4626
1722,9,-2562,2203,-5195,-5700,-6055,-4623
1723,9,-2528,2232,-5174,-5728,-6104,-4619
1724,9,-2492,2252,-5145,-5758,-6153,-4618
1725,9,-2450,2250,-5141,-5789,-6200,-4619
1726,9,-2416,2248,-5111,-5821,-6249,-4619
1727,9,-2385,2242,-5110,-5851,-6298,-4620
1728,9,-2351,2231,-5075,-5880,-6345,-4616
1729,9,-2318,2247,-5033,-5908,-6392,-4614
1730,9,-2276,2227,-5017,-5939,-6439,-4616
1731,9,-2243,2215,-4984,-5970,-6487,-4620
1732,9,-2208,2200,-4978,-6001,-6537,-4626
1733,9,-2186,2191,-4953,-6034,-6586,-4630
1734,9,-2154,2174,-4937,-6066,-6634,-4631
1735,9,-2127,2164,-4911,-6099,-6682,-4630
